threshold_heterogeneity,seed,evaluation,group,cell_type,n_cells,metric,value,ceiling_value
0.0,44,held_out,observed,all,2500,activity_r2,0.9869213464734578,0.9998987787282803
0.0,44,held_out,observed,all,2500,fluctuation_r2,0.9770042896270752,0.9965047836303711
0.0,44,held_out,unobserved,all,2500,activity_r2,0.9890697909802895,0.9999280613774816
0.0,44,held_out,unobserved,all,2500,fluctuation_r2,0.9790369272232056,0.9966070652008057
0.0,45,held_out,observed,all,2500,activity_r2,0.9751480415438672,0.9999623128108336
0.0,45,held_out,observed,all,2500,fluctuation_r2,0.957813560962677,0.9983566999435425
0.0,45,held_out,unobserved,all,2500,activity_r2,0.9602623368559104,0.9999311861979896
0.0,45,held_out,unobserved,all,2500,fluctuation_r2,0.9386153221130371,0.9972561597824097
0.0,46,held_out,observed,all,2500,activity_r2,0.9967719258712946,0.9999190421459915
0.0,46,held_out,observed,all,2500,fluctuation_r2,0.9870942831039429,0.9970271587371826
0.0,46,held_out,unobserved,all,2500,activity_r2,0.9954389793081494,0.9999255618465349
0.0,46,held_out,unobserved,all,2500,fluctuation_r2,0.9854671359062195,0.9972353577613831
1.0,44,held_out,observed,all,2500,activity_r2,0.9678340880266089,0.9998987787282803
1.0,44,held_out,observed,all,2500,fluctuation_r2,0.9495636224746704,0.9965047836303711
1.0,44,held_out,unobserved,all,2500,activity_r2,0.9721736570436832,0.9999280613774816
1.0,44,held_out,unobserved,all,2500,fluctuation_r2,0.9493931531906128,0.9966070652008057
1.0,45,held_out,observed,all,2500,activity_r2,0.9632855416682049,0.9999623128108336
1.0,45,held_out,observed,all,2500,fluctuation_r2,0.9425477981567383,0.9983566999435425
1.0,45,held_out,unobserved,all,2500,activity_r2,0.9404538612182731,0.9999311861979896
1.0,45,held_out,unobserved,all,2500,fluctuation_r2,0.9130133986473083,0.9972561597824097
1.0,46,held_out,observed,all,2500,activity_r2,0.9822283507201616,0.9999190421459915
1.0,46,held_out,observed,all,2500,fluctuation_r2,0.9666538834571838,0.9970271587371826
1.0,46,held_out,unobserved,all,2500,activity_r2,0.9742187615306395,0.9999255618465349
1.0,46,held_out,unobserved,all,2500,fluctuation_r2,0.9616944789886475,0.9972353577613831
2.0,44,held_out,observed,all,2500,activity_r2,0.9215239198392844,0.9998987787282803
2.0,44,held_out,observed,all,2500,fluctuation_r2,0.8892722129821777,0.9965047836303711
2.0,44,held_out,unobserved,all,2500,activity_r2,0.9303566173410954,0.9999280613774816
2.0,44,held_out,unobserved,all,2500,fluctuation_r2,0.8765744566917419,0.9966070652008057
2.0,45,held_out,observed,all,2500,activity_r2,0.8772626721833046,0.9999623128108336
2.0,45,held_out,observed,all,2500,fluctuation_r2,0.8209785223007202,0.9983566999435425
2.0,45,held_out,unobserved,all,2500,activity_r2,0.8038285065772133,0.9999311861979896
2.0,45,held_out,unobserved,all,2500,fluctuation_r2,0.7347788214683533,0.9972561597824097
2.0,46,held_out,observed,all,2500,activity_r2,0.9456346807261596,0.9999190421459915
2.0,46,held_out,observed,all,2500,fluctuation_r2,0.9202793836593628,0.9970271587371826
2.0,46,held_out,unobserved,all,2500,activity_r2,0.9191424313015866,0.9999255618465349
2.0,46,held_out,unobserved,all,2500,fluctuation_r2,0.9029800295829773,0.9972353577613831
4.0,44,held_out,observed,all,2500,activity_r2,0.7330506973982513,0.9998987787282803
4.0,44,held_out,observed,all,2500,fluctuation_r2,0.7067351341247559,0.9965047836303711
4.0,44,held_out,unobserved,all,2500,activity_r2,0.802429311668111,0.9999280613774816
4.0,44,held_out,unobserved,all,2500,fluctuation_r2,0.7454385757446289,0.9966070652008057
4.0,45,held_out,observed,all,2500,activity_r2,0.6698960186619037,0.9999623128108336
4.0,45,held_out,observed,all,2500,fluctuation_r2,0.625420093536377,0.9983566999435425
4.0,45,held_out,unobserved,all,2500,activity_r2,0.5824829049836974,0.9999311861979896
4.0,45,held_out,unobserved,all,2500,fluctuation_r2,0.5342950820922852,0.9972561597824097
4.0,46,held_out,observed,all,2500,activity_r2,0.8016058859368298,0.9999190421459915
4.0,46,held_out,observed,all,2500,fluctuation_r2,0.7596780061721802,0.9970271587371826
4.0,46,held_out,unobserved,all,2500,activity_r2,0.7155766532234407,0.9999255618465349
4.0,46,held_out,unobserved,all,2500,fluctuation_r2,0.7017372846603394,0.9972353577613831
0.0,44,perturbation,observed,excitatory,1997,delta_activity_r2,0.9927746542608077,0.9990903952787733
0.0,44,perturbation,observed,excitatory,1997,delta_fluctuation_r2,0.9574472904205322,0.9896460175514221
0.0,44,perturbation,observed,inhibitory,503,delta_activity_r2,0.9786594510847968,0.9992718283716899
0.0,44,perturbation,observed,inhibitory,503,delta_fluctuation_r2,0.9556331038475037,0.9937296509742737
0.0,44,perturbation,unobserved,excitatory,2003,delta_activity_r2,0.9939245779413931,0.9993396584592613
0.0,44,perturbation,unobserved,excitatory,2003,delta_fluctuation_r2,0.9615604281425476,0.9916563630104065
0.0,44,perturbation,unobserved,inhibitory,373,delta_activity_r2,0.9831425955778255,0.9993146360140089
0.0,44,perturbation,unobserved,inhibitory,373,delta_fluctuation_r2,0.9497366547584534,0.9927361607551575
0.0,44,perturbation,targeted,inhibitory,124,delta_activity_r2,0.9845831617348068,0.9997619566864163
0.0,44,perturbation,targeted,inhibitory,124,delta_fluctuation_r2,0.9571144580841064,0.9941699504852295
0.0,45,perturbation,observed,excitatory,2009,delta_activity_r2,0.9754142887535316,0.9979564129813268
0.0,45,perturbation,observed,excitatory,2009,delta_fluctuation_r2,0.9274914264678955,0.9889109134674072
0.0,45,perturbation,observed,inhibitory,491,delta_activity_r2,0.9275510298082627,0.9980759737989183
0.0,45,perturbation,observed,inhibitory,491,delta_fluctuation_r2,0.8862159252166748,0.990307092666626
0.0,45,perturbation,unobserved,excitatory,1991,delta_activity_r2,0.9715756668072,0.9976549966878072
0.0,45,perturbation,unobserved,excitatory,1991,delta_fluctuation_r2,0.9175490736961365,0.9867734313011169
0.0,45,perturbation,unobserved,inhibitory,382,delta_activity_r2,0.9580100876703738,0.99812666966964
0.0,45,perturbation,unobserved,inhibitory,382,delta_fluctuation_r2,0.8840134739875793,0.9886733889579773
0.0,45,perturbation,targeted,inhibitory,127,delta_activity_r2,0.9455974200608586,0.9996333433883909
0.0,45,perturbation,targeted,inhibitory,127,delta_fluctuation_r2,0.873412013053894,0.9928176999092102
0.0,46,perturbation,observed,excitatory,1994,delta_activity_r2,0.9884345380381564,0.9991383530741371
0.0,46,perturbation,observed,excitatory,1994,delta_fluctuation_r2,0.9526647329330444,0.9905200004577637
0.0,46,perturbation,observed,inhibitory,506,delta_activity_r2,0.9930467982459935,0.9991319748784231
0.0,46,perturbation,observed,inhibitory,506,delta_fluctuation_r2,0.9682515263557434,0.9927305579185486
0.0,46,perturbation,unobserved,excitatory,2006,delta_activity_r2,0.9866666293872001,0.9992538134874229
0.0,46,perturbation,unobserved,excitatory,2006,delta_fluctuation_r2,0.94724440574646,0.9907078742980957
0.0,46,perturbation,unobserved,inhibitory,370,delta_activity_r2,0.9931903675234013,0.999195882119384
0.0,46,perturbation,unobserved,inhibitory,370,delta_fluctuation_r2,0.9660775661468506,0.9933810234069824
0.0,46,perturbation,targeted,inhibitory,124,delta_activity_r2,0.9940667289068827,0.9998688229674126
0.0,46,perturbation,targeted,inhibitory,124,delta_fluctuation_r2,0.9823170900344849,0.9962241053581238
1.0,44,perturbation,observed,excitatory,1997,delta_activity_r2,0.964317012968367,0.9990903952787733
1.0,44,perturbation,observed,excitatory,1997,delta_fluctuation_r2,0.9132468104362488,0.9896460175514221
1.0,44,perturbation,observed,inhibitory,503,delta_activity_r2,0.9602774333256039,0.9992718283716899
1.0,44,perturbation,observed,inhibitory,503,delta_fluctuation_r2,0.9155705571174622,0.9937296509742737
1.0,44,perturbation,unobserved,excitatory,2003,delta_activity_r2,0.9722499064958389,0.9993396584592613
1.0,44,perturbation,unobserved,excitatory,2003,delta_fluctuation_r2,0.9136782884597778,0.9916563630104065
1.0,44,perturbation,unobserved,inhibitory,373,delta_activity_r2,0.953491160447161,0.9993146360140089
1.0,44,perturbation,unobserved,inhibitory,373,delta_fluctuation_r2,0.8999202251434326,0.9927361607551575
1.0,44,perturbation,targeted,inhibitory,124,delta_activity_r2,0.9480477217660812,0.9997619566864163
1.0,44,perturbation,targeted,inhibitory,124,delta_fluctuation_r2,0.8960200548171997,0.9941699504852295
1.0,45,perturbation,observed,excitatory,2009,delta_activity_r2,0.9561907889186786,0.9979501647970905
1.0,45,perturbation,observed,excitatory,2009,delta_fluctuation_r2,0.8972805142402649,0.9889018535614014
1.0,45,perturbation,observed,inhibitory,491,delta_activity_r2,0.9041743632643204,0.9980843879857418
1.0,45,perturbation,observed,inhibitory,491,delta_fluctuation_r2,0.8605794310569763,0.9903147220611572
1.0,45,perturbation,unobserved,excitatory,1991,delta_activity_r2,0.9371273013672589,0.9976579611240349
1.0,45,perturbation,unobserved,excitatory,1991,delta_fluctuation_r2,0.875588059425354,0.9868009090423584
1.0,45,perturbation,unobserved,inhibitory,382,delta_activity_r2,0.9220511501808015,0.9981505422620792
1.0,45,perturbation,unobserved,inhibitory,382,delta_fluctuation_r2,0.850460410118103,0.9887239933013916
1.0,45,perturbation,targeted,inhibitory,127,delta_activity_r2,0.9353466459040433,0.9996409389213724
1.0,45,perturbation,targeted,inhibitory,127,delta_fluctuation_r2,0.8267996311187744,0.9928293228149414
1.0,46,perturbation,observed,excitatory,1994,delta_activity_r2,0.9722040206664475,0.9991383530741371
1.0,46,perturbation,observed,excitatory,1994,delta_fluctuation_r2,0.9253104329109192,0.9905200004577637
1.0,46,perturbation,observed,inhibitory,506,delta_activity_r2,0.9730776318467773,0.9991319748784231
1.0,46,perturbation,observed,inhibitory,506,delta_fluctuation_r2,0.9348586797714233,0.9927305579185486
1.0,46,perturbation,unobserved,excitatory,2006,delta_activity_r2,0.9728286971018316,0.9992538134874229
1.0,46,perturbation,unobserved,excitatory,2006,delta_fluctuation_r2,0.9242359399795532,0.9907078742980957
1.0,46,perturbation,unobserved,inhibitory,370,delta_activity_r2,0.9734489307489855,0.999195882119384
1.0,46,perturbation,unobserved,inhibitory,370,delta_fluctuation_r2,0.9322772026062012,0.9933810234069824
1.0,46,perturbation,targeted,inhibitory,124,delta_activity_r2,0.9811887301760038,0.9998688229674126
1.0,46,perturbation,targeted,inhibitory,124,delta_fluctuation_r2,0.9626290202140808,0.9962241053581238
2.0,44,perturbation,observed,excitatory,1997,delta_activity_r2,0.8805509681238426,0.9990903952787733
2.0,44,perturbation,observed,excitatory,1997,delta_fluctuation_r2,0.8208426833152771,0.9896460175514221
2.0,44,perturbation,observed,inhibitory,503,delta_activity_r2,0.88936906201416,0.9992718283716899
2.0,44,perturbation,observed,inhibitory,503,delta_fluctuation_r2,0.833202600479126,0.9937296509742737
2.0,44,perturbation,unobserved,excitatory,2003,delta_activity_r2,0.9007779075699247,0.9993396584592613
2.0,44,perturbation,unobserved,excitatory,2003,delta_fluctuation_r2,0.8200944662094116,0.9916563630104065
2.0,44,perturbation,unobserved,inhibitory,373,delta_activity_r2,0.8431685175581847,0.9993146360140089
2.0,44,perturbation,unobserved,inhibitory,373,delta_fluctuation_r2,0.7685351967811584,0.9927361607551575
2.0,44,perturbation,targeted,inhibitory,124,delta_activity_r2,0.8669911970889482,0.9997619566864163
2.0,44,perturbation,targeted,inhibitory,124,delta_fluctuation_r2,0.7691488265991211,0.9941699504852295
2.0,45,perturbation,observed,excitatory,2009,delta_activity_r2,0.7873592205924187,0.9979501647970905
2.0,45,perturbation,observed,excitatory,2009,delta_fluctuation_r2,0.7905426621437073,0.9889018535614014
2.0,45,perturbation,observed,inhibitory,491,delta_activity_r2,-0.1369849097044844,0.9980843879857418
2.0,45,perturbation,observed,inhibitory,491,delta_fluctuation_r2,0.5736041069030762,0.9903147220611572
2.0,45,perturbation,unobserved,excitatory,1991,delta_activity_r2,-0.3306604868772802,0.9976579611240349
2.0,45,perturbation,unobserved,excitatory,1991,delta_fluctuation_r2,0.5355855226516724,0.9868009090423584
2.0,45,perturbation,unobserved,inhibitory,382,delta_activity_r2,0.39058807898345405,0.9981505422620792
2.0,45,perturbation,unobserved,inhibitory,382,delta_fluctuation_r2,0.6511678695678711,0.9887239933013916
2.0,45,perturbation,targeted,inhibitory,127,delta_activity_r2,0.7828854829385758,0.9996409389213724
2.0,45,perturbation,targeted,inhibitory,127,delta_fluctuation_r2,0.6097309589385986,0.9928293228149414
2.0,46,perturbation,observed,excitatory,1994,delta_activity_r2,0.9236696559333439,0.9991383530741371
2.0,46,perturbation,observed,excitatory,1994,delta_fluctuation_r2,0.855611264705658,0.9905200004577637
2.0,46,perturbation,observed,inhibitory,506,delta_activity_r2,0.9240215971471102,0.9991319748784231
2.0,46,perturbation,observed,inhibitory,506,delta_fluctuation_r2,0.8658682107925415,0.9927305579185486
2.0,46,perturbation,unobserved,excitatory,2006,delta_activity_r2,0.9266570547237674,0.9992538134874229
2.0,46,perturbation,unobserved,excitatory,2006,delta_fluctuation_r2,0.8601579070091248,0.9907078742980957
2.0,46,perturbation,unobserved,inhibitory,370,delta_activity_r2,0.9005755502659571,0.999195882119384
2.0,46,perturbation,unobserved,inhibitory,370,delta_fluctuation_r2,0.8476539850234985,0.9933810234069824
2.0,46,perturbation,targeted,inhibitory,124,delta_activity_r2,0.9388206895065571,0.9998688229674126
2.0,46,perturbation,targeted,inhibitory,124,delta_fluctuation_r2,0.9049779772758484,0.9962241053581238
4.0,44,perturbation,observed,excitatory,1997,delta_activity_r2,0.45309152998514657,0.9990903952787733
4.0,44,perturbation,observed,excitatory,1997,delta_fluctuation_r2,0.5031391978263855,0.9896460175514221
4.0,44,perturbation,observed,inhibitory,503,delta_activity_r2,0.7389377767313066,0.9992718283716899
4.0,44,perturbation,observed,inhibitory,503,delta_fluctuation_r2,0.6600234508514404,0.9937296509742737
4.0,44,perturbation,unobserved,excitatory,2003,delta_activity_r2,0.7420301080186511,0.9993396584592613
4.0,44,perturbation,unobserved,excitatory,2003,delta_fluctuation_r2,0.6284345984458923,0.9916563630104065
4.0,44,perturbation,unobserved,inhibitory,373,delta_activity_r2,0.5992353608126674,0.9993146360140089
4.0,44,perturbation,unobserved,inhibitory,373,delta_fluctuation_r2,0.53457111120224,0.9927361607551575
4.0,44,perturbation,targeted,inhibitory,124,delta_activity_r2,0.6873715642454947,0.9997619566864163
4.0,44,perturbation,targeted,inhibitory,124,delta_fluctuation_r2,0.5896707773208618,0.9941699504852295
4.0,45,perturbation,observed,excitatory,2009,delta_activity_r2,0.5256615932517925,0.9979501647970905
4.0,45,perturbation,observed,excitatory,2009,delta_fluctuation_r2,0.5935280919075012,0.9889018535614014
4.0,45,perturbation,observed,inhibitory,491,delta_activity_r2,-1.0029949339226634,0.9980843879857418
4.0,45,perturbation,observed,inhibitory,491,delta_fluctuation_r2,0.29653793573379517,0.9903147220611572
4.0,45,perturbation,unobserved,excitatory,1991,delta_activity_r2,-1.6363973534879825,0.9976579611240349
4.0,45,perturbation,unobserved,excitatory,1991,delta_fluctuation_r2,0.255048930644989,0.9868009090423584
4.0,45,perturbation,unobserved,inhibitory,382,delta_activity_r2,-0.08751189559126149,0.9981505422620792
4.0,45,perturbation,unobserved,inhibitory,382,delta_fluctuation_r2,0.45538848638534546,0.9887239933013916
4.0,45,perturbation,targeted,inhibitory,127,delta_activity_r2,0.5031284057366998,0.9996409389213724
4.0,45,perturbation,targeted,inhibitory,127,delta_fluctuation_r2,0.3505706191062927,0.9928293228149414
4.0,46,perturbation,observed,excitatory,1994,delta_activity_r2,0.7344897928493892,0.9991383530741371
4.0,46,perturbation,observed,excitatory,1994,delta_fluctuation_r2,0.6497281789779663,0.9905200004577637
4.0,46,perturbation,observed,inhibitory,506,delta_activity_r2,0.74902269308174,0.9991319748784231
4.0,46,perturbation,observed,inhibitory,506,delta_fluctuation_r2,0.6612424254417419,0.9927305579185486
4.0,46,perturbation,unobserved,excitatory,2006,delta_activity_r2,0.7649795525674646,0.9992538134874229
4.0,46,perturbation,unobserved,excitatory,2006,delta_fluctuation_r2,0.6716435551643372,0.9907078742980957
4.0,46,perturbation,unobserved,inhibitory,370,delta_activity_r2,0.650365922277668,0.999195882119384
4.0,46,perturbation,unobserved,inhibitory,370,delta_fluctuation_r2,0.6043726801872253,0.9933810234069824
4.0,46,perturbation,targeted,inhibitory,124,delta_activity_r2,0.6753964371482822,0.9998688229674126
4.0,46,perturbation,targeted,inhibitory,124,delta_fluctuation_r2,0.6604702472686768,0.9962241053581238
