seed,threshold_heterogeneity,scaling_factor,value,target
44,0.0,excitatory_to_excitatory,0.9554298396336776,1.0
44,0.0,excitatory_to_inhibitory,0.8348100726124138,1.0
44,0.0,inhibitory_to_excitatory,0.9908715801214664,1.0
44,0.0,inhibitory_to_inhibitory,0.9278000989592096,1.0
44,0.0,mitral_to_excitatory,1.0052732735892358,1.0
44,0.0,mitral_to_inhibitory,0.7857378901122852,1.0
45,0.0,excitatory_to_excitatory,1.039701490496713,1.0
45,0.0,excitatory_to_inhibitory,1.2844397875266638,1.0
45,0.0,inhibitory_to_excitatory,0.9652559544839696,1.0
45,0.0,inhibitory_to_inhibitory,1.0083205623581155,1.0
45,0.0,mitral_to_excitatory,0.9327208532430776,1.0
45,0.0,mitral_to_inhibitory,1.1463344125435688,1.0
46,0.0,excitatory_to_excitatory,0.9105101005259084,1.0
46,0.0,excitatory_to_inhibitory,1.0866350636958233,1.0
46,0.0,inhibitory_to_excitatory,0.8680218848191221,1.0
46,0.0,inhibitory_to_inhibitory,1.0894481312299291,1.0
46,0.0,mitral_to_excitatory,0.9631232223733348,1.0
46,0.0,mitral_to_inhibitory,0.8915677936905609,1.0
44,1.0,excitatory_to_excitatory,0.932801901808705,1.0
44,1.0,excitatory_to_inhibitory,0.8019353777444236,1.0
44,1.0,inhibitory_to_excitatory,0.9574131019655424,1.0
44,1.0,inhibitory_to_inhibitory,0.8753531836106039,1.0
44,1.0,mitral_to_excitatory,0.9854105997275604,1.0
44,1.0,mitral_to_inhibitory,0.7502766421240532,1.0
45,1.0,excitatory_to_excitatory,1.0305470006944124,1.0
45,1.0,excitatory_to_inhibitory,1.2360824164017978,1.0
45,1.0,inhibitory_to_excitatory,0.967302611368,1.0
45,1.0,inhibitory_to_inhibitory,0.987134351702466,1.0
45,1.0,mitral_to_excitatory,0.9557459460654684,1.0
45,1.0,mitral_to_inhibitory,1.1936613893216137,1.0
46,1.0,excitatory_to_excitatory,0.9029032190279012,1.0
46,1.0,excitatory_to_inhibitory,1.091029123680359,1.0
46,1.0,inhibitory_to_excitatory,0.8689460573917972,1.0
46,1.0,inhibitory_to_inhibitory,1.056340151220441,1.0
46,1.0,mitral_to_excitatory,0.9407226662208472,1.0
46,1.0,mitral_to_inhibitory,0.8771558414933803,1.0
44,2.0,excitatory_to_excitatory,0.8994785684249265,1.0
44,2.0,excitatory_to_inhibitory,0.7531609877002754,1.0
44,2.0,inhibitory_to_excitatory,0.919123667989022,1.0
44,2.0,inhibitory_to_inhibitory,0.7877122003089178,1.0
44,2.0,mitral_to_excitatory,0.9503046927574508,1.0
44,2.0,mitral_to_inhibitory,0.683505469087335,1.0
45,2.0,excitatory_to_excitatory,1.0014747007623148,1.0
45,2.0,excitatory_to_inhibitory,1.1666406743506272,1.0
45,2.0,inhibitory_to_excitatory,0.9643038670043832,1.0
45,2.0,inhibitory_to_inhibitory,0.9349126941502712,1.0
45,2.0,mitral_to_excitatory,0.9504008759851104,1.0
45,2.0,mitral_to_inhibitory,1.2366609723865667,1.0
46,2.0,excitatory_to_excitatory,0.8767877464108601,1.0
46,2.0,excitatory_to_inhibitory,1.0599445446942708,1.0
46,2.0,inhibitory_to_excitatory,0.8555799557570556,1.0
46,2.0,inhibitory_to_inhibitory,0.99087501172501,1.0
46,2.0,mitral_to_excitatory,0.8949257189299619,1.0
46,2.0,mitral_to_inhibitory,0.8705332408428577,1.0
44,4.0,excitatory_to_excitatory,0.809152795491119,1.0
44,4.0,excitatory_to_inhibitory,0.6353822773188462,1.0
44,4.0,inhibitory_to_excitatory,0.8440648868939514,1.0
44,4.0,inhibitory_to_inhibitory,0.5944309849957907,1.0
44,4.0,mitral_to_excitatory,0.8286869179760237,1.0
44,4.0,mitral_to_inhibitory,0.4677103882253026,1.0
45,4.0,excitatory_to_excitatory,0.937426415786533,1.0
45,4.0,excitatory_to_inhibitory,1.0054179022729135,1.0
45,4.0,inhibitory_to_excitatory,1.027757286341716,1.0
45,4.0,inhibitory_to_inhibitory,0.8122861624825535,1.0
45,4.0,mitral_to_excitatory,0.8762589602335249,1.0
45,4.0,mitral_to_inhibitory,1.392386064401591,1.0
46,4.0,excitatory_to_excitatory,0.7888762146197108,1.0
46,4.0,excitatory_to_inhibitory,0.9048162854971596,1.0
46,4.0,inhibitory_to_excitatory,0.7956342598034166,1.0
46,4.0,inhibitory_to_inhibitory,0.7879120643058486,1.0
46,4.0,mitral_to_excitatory,0.7140858812094116,1.0
46,4.0,mitral_to_inhibitory,0.833758736178067,1.0
