seed,evaluation,group,cell_type,n_cells,metric,value,ceiling_value
44,held_out,observed,all,2500,activity_r2,0.9869213464734578,0.9998987787282803
44,held_out,observed,all,2500,fluctuation_r2,0.9770042896270752,0.9965047836303711
44,held_out,unobserved,all,2500,activity_r2,0.9890697909802895,0.9999280613774816
44,held_out,unobserved,all,2500,fluctuation_r2,0.9790369272232056,0.9966070652008057
45,held_out,observed,all,2500,activity_r2,0.9751480415438672,0.9999623128108336
45,held_out,observed,all,2500,fluctuation_r2,0.957813560962677,0.9983566999435425
45,held_out,unobserved,all,2500,activity_r2,0.9602623368559104,0.9999311861979896
45,held_out,unobserved,all,2500,fluctuation_r2,0.9386153221130371,0.9972561597824097
46,held_out,observed,all,2500,activity_r2,0.9967719258712946,0.9999190421459915
46,held_out,observed,all,2500,fluctuation_r2,0.9870942831039429,0.9970271587371826
46,held_out,unobserved,all,2500,activity_r2,0.9954389793081494,0.9999255618465349
46,held_out,unobserved,all,2500,fluctuation_r2,0.9854671359062195,0.9972353577613831
44,perturbation,observed,excitatory,1997,delta_activity_r2,0.9927746542608077,0.9990903952787733
44,perturbation,observed,excitatory,1997,delta_fluctuation_r2,0.9574472904205322,0.9896460175514221
44,perturbation,observed,inhibitory,503,delta_activity_r2,0.9786594510847968,0.9992718283716899
44,perturbation,observed,inhibitory,503,delta_fluctuation_r2,0.9556331038475037,0.9937296509742737
44,perturbation,unobserved,excitatory,2003,delta_activity_r2,0.9939245779413931,0.9993396584592613
44,perturbation,unobserved,excitatory,2003,delta_fluctuation_r2,0.9615604281425476,0.9916563630104065
44,perturbation,unobserved,inhibitory,373,delta_activity_r2,0.9831425955778255,0.9993146360140089
44,perturbation,unobserved,inhibitory,373,delta_fluctuation_r2,0.9497366547584534,0.9927361607551575
44,perturbation,targeted,inhibitory,124,delta_activity_r2,0.9845831617348068,0.9997619566864163
44,perturbation,targeted,inhibitory,124,delta_fluctuation_r2,0.9571144580841064,0.9941699504852295
45,perturbation,observed,excitatory,2009,delta_activity_r2,0.9754142887535316,0.9979564129813268
45,perturbation,observed,excitatory,2009,delta_fluctuation_r2,0.9274914264678955,0.9889109134674072
45,perturbation,observed,inhibitory,491,delta_activity_r2,0.9275510298082627,0.9980759737989183
45,perturbation,observed,inhibitory,491,delta_fluctuation_r2,0.8862159252166748,0.990307092666626
45,perturbation,unobserved,excitatory,1991,delta_activity_r2,0.9715756668072,0.9976549966878072
45,perturbation,unobserved,excitatory,1991,delta_fluctuation_r2,0.9175490736961365,0.9867734313011169
45,perturbation,unobserved,inhibitory,382,delta_activity_r2,0.9580100876703738,0.99812666966964
45,perturbation,unobserved,inhibitory,382,delta_fluctuation_r2,0.8840134739875793,0.9886733889579773
45,perturbation,targeted,inhibitory,127,delta_activity_r2,0.9455974200608586,0.9996333433883909
45,perturbation,targeted,inhibitory,127,delta_fluctuation_r2,0.873412013053894,0.9928176999092102
46,perturbation,observed,excitatory,1994,delta_activity_r2,0.9884345380381564,0.9991383530741371
46,perturbation,observed,excitatory,1994,delta_fluctuation_r2,0.9526647329330444,0.9905200004577637
46,perturbation,observed,inhibitory,506,delta_activity_r2,0.9930467982459935,0.9991319748784231
46,perturbation,observed,inhibitory,506,delta_fluctuation_r2,0.9682515263557434,0.9927305579185486
46,perturbation,unobserved,excitatory,2006,delta_activity_r2,0.9866666293872001,0.9992538134874229
46,perturbation,unobserved,excitatory,2006,delta_fluctuation_r2,0.94724440574646,0.9907078742980957
46,perturbation,unobserved,inhibitory,370,delta_activity_r2,0.9931903675234013,0.999195882119384
46,perturbation,unobserved,inhibitory,370,delta_fluctuation_r2,0.9660775661468506,0.9933810234069824
46,perturbation,targeted,inhibitory,124,delta_activity_r2,0.9940667289068827,0.9998688229674126
46,perturbation,targeted,inhibitory,124,delta_fluctuation_r2,0.9823170900344849,0.9962241053581238
