weight_noise,noise_clipped_fraction,seed,evaluation,group,cell_type,n_cells,metric,value,ceiling_value
0.0,0.0,44,held_out,observed,all,2500,activity_r2,0.9869213464734578,0.9998987787282803
0.0,0.0,44,held_out,observed,all,2500,fluctuation_r2,0.9770042896270752,0.9965047836303711
0.0,0.0,44,held_out,unobserved,all,2500,activity_r2,0.9890697909802895,0.9999280613774816
0.0,0.0,44,held_out,unobserved,all,2500,fluctuation_r2,0.9790369272232056,0.9966070652008057
0.0,0.0,45,held_out,observed,all,2500,activity_r2,0.9751480415438672,0.9999623128108336
0.0,0.0,45,held_out,observed,all,2500,fluctuation_r2,0.957813560962677,0.9983566999435425
0.0,0.0,45,held_out,unobserved,all,2500,activity_r2,0.9602623368559104,0.9999311861979896
0.0,0.0,45,held_out,unobserved,all,2500,fluctuation_r2,0.9386153221130371,0.9972561597824097
0.0,0.0,46,held_out,observed,all,2500,activity_r2,0.9967719258712946,0.9999190421459915
0.0,0.0,46,held_out,observed,all,2500,fluctuation_r2,0.9870942831039429,0.9970271587371826
0.0,0.0,46,held_out,unobserved,all,2500,activity_r2,0.9954389793081494,0.9999255618465349
0.0,0.0,46,held_out,unobserved,all,2500,fluctuation_r2,0.9854671359062195,0.9972353577613831
0.1,0.09830085059643924,44,held_out,observed,all,2500,activity_r2,0.9739438725636739,0.9998987787282803
0.1,0.09830085059643924,44,held_out,observed,all,2500,fluctuation_r2,0.9512672424316406,0.9965047836303711
0.1,0.09830085059643924,44,held_out,unobserved,all,2500,activity_r2,0.9713006029647158,0.9999280613774816
0.1,0.09830085059643924,44,held_out,unobserved,all,2500,fluctuation_r2,0.9454241394996643,0.9966070652008057
0.1,2.0945618023448875e-05,45,held_out,observed,all,2500,activity_r2,0.9591467995718679,0.9999623128108336
0.1,2.0945618023448875e-05,45,held_out,observed,all,2500,fluctuation_r2,0.931187093257904,0.9983566999435425
0.1,2.0945618023448875e-05,45,held_out,unobserved,all,2500,activity_r2,0.9175981811662837,0.9999311861979896
0.1,2.0945618023448875e-05,45,held_out,unobserved,all,2500,fluctuation_r2,0.8886458277702332,0.9972561597824097
0.1,3.9336892385501544e-05,46,held_out,observed,all,2500,activity_r2,0.9821319251924149,0.9999190421459915
0.1,3.9336892385501544e-05,46,held_out,observed,all,2500,fluctuation_r2,0.9646596908569336,0.9970271587371826
0.1,3.9336892385501544e-05,46,held_out,unobserved,all,2500,activity_r2,0.975410633632665,0.9999255618465349
0.1,3.9336892385501544e-05,46,held_out,unobserved,all,2500,fluctuation_r2,0.9601333141326904,0.9972353577613831
0.2,0.13264962067996627,44,held_out,observed,all,2500,activity_r2,0.9357600304390501,0.9998987787282803
0.2,0.13264962067996627,44,held_out,observed,all,2500,fluctuation_r2,0.8950895667076111,0.9965047836303711
0.2,0.13264962067996627,44,held_out,unobserved,all,2500,activity_r2,0.9251407629859226,0.9999280613774816
0.2,0.13264962067996627,44,held_out,unobserved,all,2500,fluctuation_r2,0.8795806169509888,0.9966070652008057
0.2,0.0,45,held_out,observed,all,2500,activity_r2,0.9227945657054213,0.9999623128108336
0.2,0.0,45,held_out,observed,all,2500,fluctuation_r2,0.8755224943161011,0.9983566999435425
0.2,0.0,45,held_out,unobserved,all,2500,activity_r2,0.8559080620843673,0.9999311861979896
0.2,0.0,45,held_out,unobserved,all,2500,fluctuation_r2,0.8059900999069214,0.9972561597824097
0.2,0.0,46,held_out,observed,all,2500,activity_r2,0.9402490828595418,0.9999190421459915
0.2,0.0,46,held_out,observed,all,2500,fluctuation_r2,0.9085411429405212,0.9970271587371826
0.2,0.0,46,held_out,unobserved,all,2500,activity_r2,0.9265755982283412,0.9999255618465349
0.2,0.0,46,held_out,unobserved,all,2500,fluctuation_r2,0.8985548615455627,0.9972353577613831
0.3,0.13634473422054202,44,held_out,observed,all,2500,activity_r2,0.8811056380534434,0.9998987787282803
0.3,0.13634473422054202,44,held_out,observed,all,2500,fluctuation_r2,0.8243323564529419,0.9965047836303711
0.3,0.13634473422054202,44,held_out,unobserved,all,2500,activity_r2,0.8452614466808032,0.9999280613774816
0.3,0.13634473422054202,44,held_out,unobserved,all,2500,fluctuation_r2,0.7876478433609009,0.9966070652008057
0.3,0.0,45,held_out,observed,all,2500,activity_r2,0.868728073525448,0.9999623128108336
0.3,0.0,45,held_out,observed,all,2500,fluctuation_r2,0.8039311766624451,0.9983566999435425
0.3,0.0,45,held_out,unobserved,all,2500,activity_r2,0.7868700181846746,0.9999311861979896
0.3,0.0,45,held_out,unobserved,all,2500,fluctuation_r2,0.720943808555603,0.9972561597824097
0.3,0.0,46,held_out,observed,all,2500,activity_r2,0.8732083944285682,0.9999190421459915
0.3,0.0,46,held_out,observed,all,2500,fluctuation_r2,0.8294169306755066,0.9970271587371826
0.3,0.0,46,held_out,unobserved,all,2500,activity_r2,0.8631035395926266,0.9999255618465349
0.3,0.0,46,held_out,unobserved,all,2500,fluctuation_r2,0.8218151330947876,0.9972353577613831
0.4,0.10121791105775371,44,held_out,observed,all,2500,activity_r2,0.8061910859791529,0.9998987787282803
0.4,0.10121791105775371,44,held_out,observed,all,2500,fluctuation_r2,0.7323717474937439,0.9965047836303711
0.4,0.10121791105775371,44,held_out,unobserved,all,2500,activity_r2,0.7232555005120903,0.9999280613774816
0.4,0.10121791105775371,44,held_out,unobserved,all,2500,fluctuation_r2,0.6528304815292358,0.9966070652008057
0.4,0.0,45,held_out,observed,all,2500,activity_r2,0.7992917684849468,0.9999623128108336
0.4,0.0,45,held_out,observed,all,2500,fluctuation_r2,0.7210943698883057,0.9983566999435425
0.4,0.0,45,held_out,unobserved,all,2500,activity_r2,0.7040448016786633,0.9999311861979896
0.4,0.0,45,held_out,unobserved,all,2500,fluctuation_r2,0.6276845335960388,0.9972561597824097
0.4,0.0,46,held_out,observed,all,2500,activity_r2,0.7761211390028617,0.9999190421459915
0.4,0.0,46,held_out,observed,all,2500,fluctuation_r2,0.7285867929458618,0.9970271587371826
0.4,0.0,46,held_out,unobserved,all,2500,activity_r2,0.7940349107586486,0.9999255618465349
0.4,0.0,46,held_out,unobserved,all,2500,fluctuation_r2,0.7422668933868408,0.9972353577613831
0.5,0.04609108789496539,44,held_out,observed,all,2500,activity_r2,0.7095331936004075,0.9998987787282803
0.5,0.04609108789496539,44,held_out,observed,all,2500,fluctuation_r2,0.6305361986160278,0.9965047836303711
0.5,0.04609108789496539,44,held_out,unobserved,all,2500,activity_r2,0.5591306167611759,0.9999280613774816
0.5,0.04609108789496539,44,held_out,unobserved,all,2500,fluctuation_r2,0.49991291761398315,0.9966070652008057
0.5,0.0,45,held_out,observed,all,2500,activity_r2,0.7148390215812787,0.9999623128108336
0.5,0.0,45,held_out,observed,all,2500,fluctuation_r2,0.6278899908065796,0.9983566999435425
0.5,0.0,45,held_out,unobserved,all,2500,activity_r2,0.6047488347685371,0.9999311861979896
0.5,0.0,45,held_out,unobserved,all,2500,fluctuation_r2,0.5261120200157166,0.9972561597824097
0.5,0.0,46,held_out,observed,all,2500,activity_r2,0.6804149866635618,0.9999190421459915
0.5,0.0,46,held_out,observed,all,2500,fluctuation_r2,0.6309821605682373,0.9970271587371826
0.5,0.0,46,held_out,unobserved,all,2500,activity_r2,0.731166945438219,0.9999255618465349
0.5,0.0,46,held_out,unobserved,all,2500,fluctuation_r2,0.6724153161048889,0.9972353577613831
0.6,0.026084957470178038,44,held_out,observed,all,2500,activity_r2,0.6139296094714064,0.9998987787282803
0.6,0.026084957470178038,44,held_out,observed,all,2500,fluctuation_r2,0.536738395690918,0.9965047836303711
0.6,0.026084957470178038,44,held_out,unobserved,all,2500,activity_r2,0.4087384855299113,0.9999280613774816
0.6,0.026084957470178038,44,held_out,unobserved,all,2500,fluctuation_r2,0.37892597913742065,0.9966070652008057
0.6,0.0,45,held_out,observed,all,2500,activity_r2,0.620560419754272,0.9999623128108336
0.6,0.0,45,held_out,observed,all,2500,fluctuation_r2,0.5358455181121826,0.9983566999435425
0.6,0.0,45,held_out,unobserved,all,2500,activity_r2,0.49924183729363325,0.9999311861979896
0.6,0.0,45,held_out,unobserved,all,2500,fluctuation_r2,0.42542630434036255,0.9972561597824097
0.6,0.0,46,held_out,observed,all,2500,activity_r2,0.5811043713671754,0.9999190421459915
0.6,0.0,46,held_out,observed,all,2500,fluctuation_r2,0.532149612903595,0.9970271587371826
0.6,0.0,46,held_out,unobserved,all,2500,activity_r2,0.6685528147765212,0.9999255618465349
0.6,0.0,46,held_out,unobserved,all,2500,fluctuation_r2,0.6058753728866577,0.9972353577613831
0.7,0.027373368412986283,44,held_out,observed,all,2500,activity_r2,0.5360376001628399,0.9998987787282803
0.7,0.027373368412986283,44,held_out,observed,all,2500,fluctuation_r2,0.45645707845687866,0.9965047836303711
0.7,0.027373368412986283,44,held_out,unobserved,all,2500,activity_r2,0.2869327299866147,0.9999280613774816
0.7,0.027373368412986283,44,held_out,unobserved,all,2500,fluctuation_r2,0.2778816223144531,0.9966070652008057
0.7,0.0,45,held_out,observed,all,2500,activity_r2,0.5268499123712769,0.9999623128108336
0.7,0.0,45,held_out,observed,all,2500,fluctuation_r2,0.44630515575408936,0.9983566999435425
0.7,0.0,45,held_out,unobserved,all,2500,activity_r2,0.39882871056270275,0.9999311861979896
0.7,0.0,45,held_out,unobserved,all,2500,fluctuation_r2,0.33197343349456787,0.9972561597824097
0.7,0.0,46,held_out,observed,all,2500,activity_r2,0.4859720085437551,0.9999190421459915
0.7,0.0,46,held_out,observed,all,2500,fluctuation_r2,0.4397374987602234,0.9970271587371826
0.7,0.0,46,held_out,unobserved,all,2500,activity_r2,0.5960108438402656,0.9999255618465349
0.7,0.0,46,held_out,unobserved,all,2500,fluctuation_r2,0.5341444611549377,0.9972353577613831
0.8,0.028374671128253596,44,held_out,observed,all,2500,activity_r2,0.4583715724367342,0.9998987787282803
0.8,0.028374671128253596,44,held_out,observed,all,2500,fluctuation_r2,0.38087522983551025,0.9965047836303711
0.8,0.028374671128253596,44,held_out,unobserved,all,2500,activity_r2,0.20688793842165543,0.9999280613774816
0.8,0.028374671128253596,44,held_out,unobserved,all,2500,fluctuation_r2,0.21222513914108276,0.9966070652008057
0.8,0.0,45,held_out,observed,all,2500,activity_r2,0.44632915576104415,0.9999623128108336
0.8,0.0,45,held_out,observed,all,2500,fluctuation_r2,0.38390856981277466,0.9983566999435425
0.8,0.0,45,held_out,unobserved,all,2500,activity_r2,0.30312256661614967,0.9999311861979896
0.8,0.0,45,held_out,unobserved,all,2500,fluctuation_r2,0.25548839569091797,0.9972561597824097
0.8,0.0,46,held_out,observed,all,2500,activity_r2,0.40488265424862724,0.9999190421459915
0.8,0.0,46,held_out,observed,all,2500,fluctuation_r2,0.36095190048217773,0.9970271587371826
0.8,0.0,46,held_out,unobserved,all,2500,activity_r2,0.5194799624594065,0.9999255618465349
0.8,0.0,46,held_out,unobserved,all,2500,fluctuation_r2,0.45962804555892944,0.9972353577613831
0.0,0.0,44,perturbation,observed,excitatory,1997,delta_activity_r2,0.9927746542608077,0.9990903952787733
0.0,0.0,44,perturbation,observed,excitatory,1997,delta_fluctuation_r2,0.9574472904205322,0.9896460175514221
0.0,0.0,44,perturbation,observed,inhibitory,503,delta_activity_r2,0.9786594510847968,0.9992718283716899
0.0,0.0,44,perturbation,observed,inhibitory,503,delta_fluctuation_r2,0.9556331038475037,0.9937296509742737
0.0,0.0,44,perturbation,unobserved,excitatory,2003,delta_activity_r2,0.9939245779413931,0.9993396584592613
0.0,0.0,44,perturbation,unobserved,excitatory,2003,delta_fluctuation_r2,0.9615604281425476,0.9916563630104065
0.0,0.0,44,perturbation,unobserved,inhibitory,373,delta_activity_r2,0.9831425955778255,0.9993146360140089
0.0,0.0,44,perturbation,unobserved,inhibitory,373,delta_fluctuation_r2,0.9497366547584534,0.9927361607551575
0.0,0.0,44,perturbation,targeted,inhibitory,124,delta_activity_r2,0.9845831617348068,0.9997619566864163
0.0,0.0,44,perturbation,targeted,inhibitory,124,delta_fluctuation_r2,0.9571144580841064,0.9941699504852295
0.0,0.0,45,perturbation,observed,excitatory,2009,delta_activity_r2,0.9754142887535316,0.9979564129813268
0.0,0.0,45,perturbation,observed,excitatory,2009,delta_fluctuation_r2,0.9274914264678955,0.9889109134674072
0.0,0.0,45,perturbation,observed,inhibitory,491,delta_activity_r2,0.9275510298082627,0.9980759737989183
0.0,0.0,45,perturbation,observed,inhibitory,491,delta_fluctuation_r2,0.8862159252166748,0.990307092666626
0.0,0.0,45,perturbation,unobserved,excitatory,1991,delta_activity_r2,0.9715756668072,0.9976549966878072
0.0,0.0,45,perturbation,unobserved,excitatory,1991,delta_fluctuation_r2,0.9175490736961365,0.9867734313011169
0.0,0.0,45,perturbation,unobserved,inhibitory,382,delta_activity_r2,0.9580100876703738,0.99812666966964
0.0,0.0,45,perturbation,unobserved,inhibitory,382,delta_fluctuation_r2,0.8840134739875793,0.9886733889579773
0.0,0.0,45,perturbation,targeted,inhibitory,127,delta_activity_r2,0.9455974200608586,0.9996333433883909
0.0,0.0,45,perturbation,targeted,inhibitory,127,delta_fluctuation_r2,0.873412013053894,0.9928176999092102
0.0,0.0,46,perturbation,observed,excitatory,1994,delta_activity_r2,0.9884345380381564,0.9991383530741371
0.0,0.0,46,perturbation,observed,excitatory,1994,delta_fluctuation_r2,0.9526647329330444,0.9905200004577637
0.0,0.0,46,perturbation,observed,inhibitory,506,delta_activity_r2,0.9930467982459935,0.9991319748784231
0.0,0.0,46,perturbation,observed,inhibitory,506,delta_fluctuation_r2,0.9682515263557434,0.9927305579185486
0.0,0.0,46,perturbation,unobserved,excitatory,2006,delta_activity_r2,0.9866666293872001,0.9992538134874229
0.0,0.0,46,perturbation,unobserved,excitatory,2006,delta_fluctuation_r2,0.94724440574646,0.9907078742980957
0.0,0.0,46,perturbation,unobserved,inhibitory,370,delta_activity_r2,0.9931903675234013,0.999195882119384
0.0,0.0,46,perturbation,unobserved,inhibitory,370,delta_fluctuation_r2,0.9660775661468506,0.9933810234069824
0.0,0.0,46,perturbation,targeted,inhibitory,124,delta_activity_r2,0.9940667289068827,0.9998688229674126
0.0,0.0,46,perturbation,targeted,inhibitory,124,delta_fluctuation_r2,0.9823170900344849,0.9962241053581238
0.1,0.09830085059643924,44,perturbation,observed,excitatory,1997,delta_activity_r2,0.959677845766944,0.9990903952787733
0.1,0.09830085059643924,44,perturbation,observed,excitatory,1997,delta_fluctuation_r2,0.8958036303520203,0.9896460175514221
0.1,0.09830085059643924,44,perturbation,observed,inhibitory,503,delta_activity_r2,0.9479751116993653,0.9992718283716899
0.1,0.09830085059643924,44,perturbation,observed,inhibitory,503,delta_fluctuation_r2,0.9101558327674866,0.9937296509742737
0.1,0.09830085059643924,44,perturbation,unobserved,excitatory,2003,delta_activity_r2,0.9635175268850424,0.9993396584592613
0.1,0.09830085059643924,44,perturbation,unobserved,excitatory,2003,delta_fluctuation_r2,0.9000744819641113,0.9916563630104065
0.1,0.09830085059643924,44,perturbation,unobserved,inhibitory,373,delta_activity_r2,0.9512793808806363,0.9993146360140089
0.1,0.09830085059643924,44,perturbation,unobserved,inhibitory,373,delta_fluctuation_r2,0.8828504681587219,0.9927361607551575
0.1,0.09830085059643924,44,perturbation,targeted,inhibitory,124,delta_activity_r2,0.97029712314646,0.9997619566864163
0.1,0.09830085059643924,44,perturbation,targeted,inhibitory,124,delta_fluctuation_r2,0.8991875648498535,0.9941699504852295
0.1,2.0945618023448875e-05,45,perturbation,observed,excitatory,2009,delta_activity_r2,0.9399699287144345,0.9979501647970905
0.1,2.0945618023448875e-05,45,perturbation,observed,excitatory,2009,delta_fluctuation_r2,0.8770645260810852,0.9889018535614014
0.1,2.0945618023448875e-05,45,perturbation,observed,inhibitory,491,delta_activity_r2,0.87152091997422,0.9980843879857418
0.1,2.0945618023448875e-05,45,perturbation,observed,inhibitory,491,delta_fluctuation_r2,0.8256677985191345,0.9903147220611572
0.1,2.0945618023448875e-05,45,perturbation,unobserved,excitatory,1991,delta_activity_r2,0.9065732429618439,0.9976579611240349
0.1,2.0945618023448875e-05,45,perturbation,unobserved,excitatory,1991,delta_fluctuation_r2,0.8481420874595642,0.9868009090423584
0.1,2.0945618023448875e-05,45,perturbation,unobserved,inhibitory,382,delta_activity_r2,0.8694044421084764,0.9981505422620792
0.1,2.0945618023448875e-05,45,perturbation,unobserved,inhibitory,382,delta_fluctuation_r2,0.805169939994812,0.9887239933013916
0.1,2.0945618023448875e-05,45,perturbation,targeted,inhibitory,127,delta_activity_r2,0.9064865317009825,0.9996409389213724
0.1,2.0945618023448875e-05,45,perturbation,targeted,inhibitory,127,delta_fluctuation_r2,0.819477915763855,0.9928293228149414
0.1,3.9336892385501544e-05,46,perturbation,observed,excitatory,1994,delta_activity_r2,0.9599945915683743,0.9991383530741371
0.1,3.9336892385501544e-05,46,perturbation,observed,excitatory,1994,delta_fluctuation_r2,0.9066509008407593,0.9905200004577637
0.1,3.9336892385501544e-05,46,perturbation,observed,inhibitory,506,delta_activity_r2,0.9807753172039494,0.9991319748784231
0.1,3.9336892385501544e-05,46,perturbation,observed,inhibitory,506,delta_fluctuation_r2,0.9331428408622742,0.9927305579185486
0.1,3.9336892385501544e-05,46,perturbation,unobserved,excitatory,2006,delta_activity_r2,0.9637642452778098,0.9992538134874229
0.1,3.9336892385501544e-05,46,perturbation,unobserved,excitatory,2006,delta_fluctuation_r2,0.9058226943016052,0.9907078742980957
0.1,3.9336892385501544e-05,46,perturbation,unobserved,inhibitory,370,delta_activity_r2,0.9642407817250539,0.999195882119384
0.1,3.9336892385501544e-05,46,perturbation,unobserved,inhibitory,370,delta_fluctuation_r2,0.9270421266555786,0.9933810234069824
0.1,3.9336892385501544e-05,46,perturbation,targeted,inhibitory,124,delta_activity_r2,0.9800652979723403,0.9998688229674126
0.1,3.9336892385501544e-05,46,perturbation,targeted,inhibitory,124,delta_fluctuation_r2,0.9586535692214966,0.9962241053581238
0.2,0.13264962067996627,44,perturbation,observed,excitatory,1997,delta_activity_r2,0.8759905783999202,0.9990903952787733
0.2,0.13264962067996627,44,perturbation,observed,excitatory,1997,delta_fluctuation_r2,0.7946768999099731,0.9896460175514221
0.2,0.13264962067996627,44,perturbation,observed,inhibitory,503,delta_activity_r2,0.8781343818359235,0.9992718283716899
0.2,0.13264962067996627,44,perturbation,observed,inhibitory,503,delta_fluctuation_r2,0.8319372534751892,0.9937296509742737
0.2,0.13264962067996627,44,perturbation,unobserved,excitatory,2003,delta_activity_r2,0.8974895691550874,0.9993396584592613
0.2,0.13264962067996627,44,perturbation,unobserved,excitatory,2003,delta_fluctuation_r2,0.8082976937294006,0.9916563630104065
0.2,0.13264962067996627,44,perturbation,unobserved,inhibitory,373,delta_activity_r2,0.8878478363531093,0.9993146360140089
0.2,0.13264962067996627,44,perturbation,unobserved,inhibitory,373,delta_fluctuation_r2,0.7816749811172485,0.9927361607551575
0.2,0.13264962067996627,44,perturbation,targeted,inhibitory,124,delta_activity_r2,0.9288984431949495,0.9997619566864163
0.2,0.13264962067996627,44,perturbation,targeted,inhibitory,124,delta_fluctuation_r2,0.8053786158561707,0.9941699504852295
0.2,0.0,45,perturbation,observed,excitatory,2009,delta_activity_r2,0.838984489229986,0.9979501647970905
0.2,0.0,45,perturbation,observed,excitatory,2009,delta_fluctuation_r2,0.7762166857719421,0.9889018535614014
0.2,0.0,45,perturbation,observed,inhibitory,491,delta_activity_r2,0.38789730985849347,0.9980843879857418
0.2,0.0,45,perturbation,observed,inhibitory,491,delta_fluctuation_r2,0.6143659949302673,0.9903147220611572
0.2,0.0,45,perturbation,unobserved,excitatory,1991,delta_activity_r2,0.4745198028983636,0.9976579611240349
0.2,0.0,45,perturbation,unobserved,excitatory,1991,delta_fluctuation_r2,0.6459172368049622,0.9868009090423584
0.2,0.0,45,perturbation,unobserved,inhibitory,382,delta_activity_r2,0.6108600507011477,0.9981505422620792
0.2,0.0,45,perturbation,unobserved,inhibitory,382,delta_fluctuation_r2,0.6221807599067688,0.9887239933013916
0.2,0.0,45,perturbation,targeted,inhibitory,127,delta_activity_r2,0.8530051166367414,0.9996409389213724
0.2,0.0,45,perturbation,targeted,inhibitory,127,delta_fluctuation_r2,0.7210043668746948,0.9928293228149414
0.2,0.0,46,perturbation,observed,excitatory,1994,delta_activity_r2,0.8848459973856483,0.9991383530741371
0.2,0.0,46,perturbation,observed,excitatory,1994,delta_fluctuation_r2,0.8003955483436584,0.9905200004577637
0.2,0.0,46,perturbation,observed,inhibitory,506,delta_activity_r2,0.934028944392364,0.9991319748784231
0.2,0.0,46,perturbation,observed,inhibitory,506,delta_fluctuation_r2,0.8542113304138184,0.9927305579185486
0.2,0.0,46,perturbation,unobserved,excitatory,2006,delta_activity_r2,0.8762629364116709,0.9992538134874229
0.2,0.0,46,perturbation,unobserved,excitatory,2006,delta_fluctuation_r2,0.7943964004516602,0.9907078742980957
0.2,0.0,46,perturbation,unobserved,inhibitory,370,delta_activity_r2,0.8922055248527843,0.999195882119384
0.2,0.0,46,perturbation,unobserved,inhibitory,370,delta_fluctuation_r2,0.833652138710022,0.9933810234069824
0.2,0.0,46,perturbation,targeted,inhibitory,124,delta_activity_r2,0.9344143358510343,0.9998688229674126
0.2,0.0,46,perturbation,targeted,inhibitory,124,delta_fluctuation_r2,0.9014299511909485,0.9962241053581238
0.3,0.13634473422054202,44,perturbation,observed,excitatory,1997,delta_activity_r2,0.7490189639869923,0.9990903952787733
0.3,0.13634473422054202,44,perturbation,observed,excitatory,1997,delta_fluctuation_r2,0.6676592826843262,0.9896460175514221
0.3,0.13634473422054202,44,perturbation,observed,inhibitory,503,delta_activity_r2,0.7697406385204705,0.9992718283716899
0.3,0.13634473422054202,44,perturbation,observed,inhibitory,503,delta_fluctuation_r2,0.7282669544219971,0.9937296509742737
0.3,0.13634473422054202,44,perturbation,unobserved,excitatory,2003,delta_activity_r2,0.7881234226909037,0.9993396584592613
0.3,0.13634473422054202,44,perturbation,unobserved,excitatory,2003,delta_fluctuation_r2,0.6816516518592834,0.9916563630104065
0.3,0.13634473422054202,44,perturbation,unobserved,inhibitory,373,delta_activity_r2,0.787727618779501,0.9993146360140089
0.3,0.13634473422054202,44,perturbation,unobserved,inhibitory,373,delta_fluctuation_r2,0.6263376474380493,0.9927361607551575
0.3,0.13634473422054202,44,perturbation,targeted,inhibitory,124,delta_activity_r2,0.8470509238114909,0.9997619566864163
0.3,0.13634473422054202,44,perturbation,targeted,inhibitory,124,delta_fluctuation_r2,0.6819602251052856,0.9941699504852295
0.3,0.0,45,perturbation,observed,excitatory,2009,delta_activity_r2,0.709434075167318,0.9979501647970905
0.3,0.0,45,perturbation,observed,excitatory,2009,delta_fluctuation_r2,0.6632301807403564,0.9889018535614014
0.3,0.0,45,perturbation,observed,inhibitory,491,delta_activity_r2,-0.5180176360257125,0.9980843879857418
0.3,0.0,45,perturbation,observed,inhibitory,491,delta_fluctuation_r2,0.41189825534820557,0.9903147220611572
0.3,0.0,45,perturbation,unobserved,excitatory,1991,delta_activity_r2,-0.29076158028844445,0.9976579611240349
0.3,0.0,45,perturbation,unobserved,excitatory,1991,delta_fluctuation_r2,0.4486910104751587,0.9868009090423584
0.3,0.0,45,perturbation,unobserved,inhibitory,382,delta_activity_r2,0.20386497412501747,0.9981505422620792
0.3,0.0,45,perturbation,unobserved,inhibitory,382,delta_fluctuation_r2,0.45724254846572876,0.9887239933013916
0.3,0.0,45,perturbation,targeted,inhibitory,127,delta_activity_r2,0.810512182950892,0.9996409389213724
0.3,0.0,45,perturbation,targeted,inhibitory,127,delta_fluctuation_r2,0.6227015256881714,0.9928293228149414
0.3,0.0,46,perturbation,observed,excitatory,1994,delta_activity_r2,0.7906429187480739,0.9991383530741371
0.3,0.0,46,perturbation,observed,excitatory,1994,delta_fluctuation_r2,0.6857548356056213,0.9905200004577637
0.3,0.0,46,perturbation,observed,inhibitory,506,delta_activity_r2,0.8527874381009529,0.9991319748784231
0.3,0.0,46,perturbation,observed,inhibitory,506,delta_fluctuation_r2,0.7548710107803345,0.9927305579185486
0.3,0.0,46,perturbation,unobserved,excitatory,2006,delta_activity_r2,0.7315889441655379,0.9992538134874229
0.3,0.0,46,perturbation,unobserved,excitatory,2006,delta_fluctuation_r2,0.6658329367637634,0.9907078742980957
0.3,0.0,46,perturbation,unobserved,inhibitory,370,delta_activity_r2,0.8120443033715559,0.999195882119384
0.3,0.0,46,perturbation,unobserved,inhibitory,370,delta_fluctuation_r2,0.7356201410293579,0.9933810234069824
0.3,0.0,46,perturbation,targeted,inhibitory,124,delta_activity_r2,0.8767617016981688,0.9998688229674126
0.3,0.0,46,perturbation,targeted,inhibitory,124,delta_fluctuation_r2,0.8343453407287598,0.9962241053581238
0.4,0.10121791105775371,44,perturbation,observed,excitatory,1997,delta_activity_r2,0.6303346618026632,0.9990903952787733
0.4,0.10121791105775371,44,perturbation,observed,excitatory,1997,delta_fluctuation_r2,0.5377600789070129,0.9896460175514221
0.4,0.10121791105775371,44,perturbation,observed,inhibitory,503,delta_activity_r2,0.6477751277661854,0.9992718283716899
0.4,0.10121791105775371,44,perturbation,observed,inhibitory,503,delta_fluctuation_r2,0.6065046191215515,0.9937296509742737
0.4,0.10121791105775371,44,perturbation,unobserved,excitatory,2003,delta_activity_r2,0.6607058562712613,0.9993396584592613
0.4,0.10121791105775371,44,perturbation,unobserved,excitatory,2003,delta_fluctuation_r2,0.5229618549346924,0.9916563630104065
0.4,0.10121791105775371,44,perturbation,unobserved,inhibitory,373,delta_activity_r2,0.6312848910533353,0.9993146360140089
0.4,0.10121791105775371,44,perturbation,unobserved,inhibitory,373,delta_fluctuation_r2,0.401922345161438,0.9927361607551575
0.4,0.10121791105775371,44,perturbation,targeted,inhibitory,124,delta_activity_r2,0.6915601208902731,0.9997619566864163
0.4,0.10121791105775371,44,perturbation,targeted,inhibitory,124,delta_fluctuation_r2,0.5074436664581299,0.9941699504852295
0.4,0.0,45,perturbation,observed,excitatory,2009,delta_activity_r2,0.5922585481964062,0.9979501647970905
0.4,0.0,45,perturbation,observed,excitatory,2009,delta_fluctuation_r2,0.5580027103424072,0.9889018535614014
0.4,0.0,45,perturbation,observed,inhibitory,491,delta_activity_r2,-1.2043426564676718,0.9980843879857418
0.4,0.0,45,perturbation,observed,inhibitory,491,delta_fluctuation_r2,0.24694490432739258,0.9903147220611572
0.4,0.0,45,perturbation,unobserved,excitatory,1991,delta_activity_r2,-0.8868348687077143,0.9976579611240349
0.4,0.0,45,perturbation,unobserved,excitatory,1991,delta_fluctuation_r2,0.30542105436325073,0.9868009090423584
0.4,0.0,45,perturbation,unobserved,inhibitory,382,delta_activity_r2,-0.18876344773449616,0.9981505422620792
0.4,0.0,45,perturbation,unobserved,inhibitory,382,delta_fluctuation_r2,0.3253476619720459,0.9887239933013916
0.4,0.0,45,perturbation,targeted,inhibitory,127,delta_activity_r2,0.7563685449996096,0.9996409389213724
0.4,0.0,45,perturbation,targeted,inhibitory,127,delta_fluctuation_r2,0.5188343524932861,0.9928293228149414
0.4,0.0,46,perturbation,observed,excitatory,1994,delta_activity_r2,0.6844838220270165,0.9991383530741371
0.4,0.0,46,perturbation,observed,excitatory,1994,delta_fluctuation_r2,0.5692416429519653,0.9905200004577637
0.4,0.0,46,perturbation,observed,inhibitory,506,delta_activity_r2,0.7502411929142794,0.9991319748784231
0.4,0.0,46,perturbation,observed,inhibitory,506,delta_fluctuation_r2,0.6490193605422974,0.9927305579185486
0.4,0.0,46,perturbation,unobserved,excitatory,2006,delta_activity_r2,0.593736935142674,0.9992538134874229
0.4,0.0,46,perturbation,unobserved,excitatory,2006,delta_fluctuation_r2,0.5567440986633301,0.9907078742980957
0.4,0.0,46,perturbation,unobserved,inhibitory,370,delta_activity_r2,0.7329954322842727,0.999195882119384
0.4,0.0,46,perturbation,unobserved,inhibitory,370,delta_fluctuation_r2,0.6548658609390259,0.9933810234069824
0.4,0.0,46,perturbation,targeted,inhibitory,124,delta_activity_r2,0.8200243021284837,0.9998688229674126
0.4,0.0,46,perturbation,targeted,inhibitory,124,delta_fluctuation_r2,0.7669996619224548,0.9962241053581238
0.5,0.04609108789496539,44,perturbation,observed,excitatory,1997,delta_activity_r2,0.5185168064329163,0.9990903952787733
0.5,0.04609108789496539,44,perturbation,observed,excitatory,1997,delta_fluctuation_r2,0.4272385239601135,0.9896460175514221
0.5,0.04609108789496539,44,perturbation,observed,inhibitory,503,delta_activity_r2,0.5569914197633447,0.9992718283716899
0.5,0.04609108789496539,44,perturbation,observed,inhibitory,503,delta_fluctuation_r2,0.5110798478126526,0.9937296509742737
0.5,0.04609108789496539,44,perturbation,unobserved,excitatory,2003,delta_activity_r2,0.5603943718548721,0.9993396584592613
0.5,0.04609108789496539,44,perturbation,unobserved,excitatory,2003,delta_fluctuation_r2,0.40895962715148926,0.9916563630104065
0.5,0.04609108789496539,44,perturbation,unobserved,inhibitory,373,delta_activity_r2,0.48943865561543864,0.9993146360140089
0.5,0.04609108789496539,44,perturbation,unobserved,inhibitory,373,delta_fluctuation_r2,0.25639063119888306,0.9927361607551575
0.5,0.04609108789496539,44,perturbation,targeted,inhibitory,124,delta_activity_r2,0.4372206908616054,0.9997619566864163
0.5,0.04609108789496539,44,perturbation,targeted,inhibitory,124,delta_fluctuation_r2,0.3240633010864258,0.9941699504852295
0.5,0.0,45,perturbation,observed,excitatory,2009,delta_activity_r2,0.47704793890946473,0.9979501647970905
0.5,0.0,45,perturbation,observed,excitatory,2009,delta_fluctuation_r2,0.46013975143432617,0.9889018535614014
0.5,0.0,45,perturbation,observed,inhibitory,491,delta_activity_r2,-1.7756192125837384,0.9980843879857418
0.5,0.0,45,perturbation,observed,inhibitory,491,delta_fluctuation_r2,0.08313846588134766,0.9903147220611572
0.5,0.0,45,perturbation,unobserved,excitatory,1991,delta_activity_r2,-1.2623659711057011,0.9976579611240349
0.5,0.0,45,perturbation,unobserved,excitatory,1991,delta_fluctuation_r2,0.18823081254959106,0.9868009090423584
0.5,0.0,45,perturbation,unobserved,inhibitory,382,delta_activity_r2,-0.5265849147995914,0.9981505422620792
0.5,0.0,45,perturbation,unobserved,inhibitory,382,delta_fluctuation_r2,0.18889540433883667,0.9887239933013916
0.5,0.0,45,perturbation,targeted,inhibitory,127,delta_activity_r2,0.6732833109555008,0.9996409389213724
0.5,0.0,45,perturbation,targeted,inhibitory,127,delta_fluctuation_r2,0.410739541053772,0.9928293228149414
0.5,0.0,46,perturbation,observed,excitatory,1994,delta_activity_r2,0.5855710671303198,0.9991383530741371
0.5,0.0,46,perturbation,observed,excitatory,1994,delta_fluctuation_r2,0.46110397577285767,0.9905200004577637
0.5,0.0,46,perturbation,observed,inhibitory,506,delta_activity_r2,0.6481738260701004,0.9991319748784231
0.5,0.0,46,perturbation,observed,inhibitory,506,delta_fluctuation_r2,0.5455074906349182,0.9927305579185486
0.5,0.0,46,perturbation,unobserved,excitatory,2006,delta_activity_r2,0.4882759028583522,0.9992538134874229
0.5,0.0,46,perturbation,unobserved,excitatory,2006,delta_fluctuation_r2,0.4582498073577881,0.9907078742980957
0.5,0.0,46,perturbation,unobserved,inhibitory,370,delta_activity_r2,0.6643521719997262,0.999195882119384
0.5,0.0,46,perturbation,unobserved,inhibitory,370,delta_fluctuation_r2,0.5706329345703125,0.9933810234069824
0.5,0.0,46,perturbation,targeted,inhibitory,124,delta_activity_r2,0.7700220512945808,0.9998688229674126
0.5,0.0,46,perturbation,targeted,inhibitory,124,delta_fluctuation_r2,0.7102627158164978,0.9962241053581238
0.6,0.026084957470178038,44,perturbation,observed,excitatory,1997,delta_activity_r2,0.42967239802773993,0.9990903952787733
0.6,0.026084957470178038,44,perturbation,observed,excitatory,1997,delta_fluctuation_r2,0.3436253070831299,0.9896460175514221
0.6,0.026084957470178038,44,perturbation,observed,inhibitory,503,delta_activity_r2,0.48313221539128015,0.9992718283716899
0.6,0.026084957470178038,44,perturbation,observed,inhibitory,503,delta_fluctuation_r2,0.435397744178772,0.9937296509742737
0.6,0.026084957470178038,44,perturbation,unobserved,excitatory,2003,delta_activity_r2,0.5023574943270401,0.9993396584592613
0.6,0.026084957470178038,44,perturbation,unobserved,excitatory,2003,delta_fluctuation_r2,0.35225963592529297,0.9916563630104065
0.6,0.026084957470178038,44,perturbation,unobserved,inhibitory,373,delta_activity_r2,0.3990758320633031,0.9993146360140089
0.6,0.026084957470178038,44,perturbation,unobserved,inhibitory,373,delta_fluctuation_r2,0.1958276629447937,0.9927361607551575
0.6,0.026084957470178038,44,perturbation,targeted,inhibitory,124,delta_activity_r2,0.20275666488484922,0.9997619566864163
0.6,0.026084957470178038,44,perturbation,targeted,inhibitory,124,delta_fluctuation_r2,0.1932629942893982,0.9941699504852295
0.6,0.0,45,perturbation,observed,excitatory,2009,delta_activity_r2,0.42810084757228195,0.9979501647970905
0.6,0.0,45,perturbation,observed,excitatory,2009,delta_fluctuation_r2,0.38858282566070557,0.9889018535614014
0.6,0.0,45,perturbation,observed,inhibitory,491,delta_activity_r2,-0.891134874808182,0.9980843879857418
0.6,0.0,45,perturbation,observed,inhibitory,491,delta_fluctuation_r2,0.07195538282394409,0.9903147220611572
0.6,0.0,45,perturbation,unobserved,excitatory,1991,delta_activity_r2,-0.2862192337603018,0.9976579611240349
0.6,0.0,45,perturbation,unobserved,excitatory,1991,delta_fluctuation_r2,0.2091640830039978,0.9868009090423584
0.6,0.0,45,perturbation,unobserved,inhibitory,382,delta_activity_r2,-0.04280983719892206,0.9981505422620792
0.6,0.0,45,perturbation,unobserved,inhibitory,382,delta_fluctuation_r2,0.16046208143234253,0.9887239933013916
0.6,0.0,45,perturbation,targeted,inhibitory,127,delta_activity_r2,0.6462799291502943,0.9996409389213724
0.6,0.0,45,perturbation,targeted,inhibitory,127,delta_fluctuation_r2,0.35616350173950195,0.9928293228149414
0.6,0.0,46,perturbation,observed,excitatory,1994,delta_activity_r2,0.4859491564709192,0.9991383530741371
0.6,0.0,46,perturbation,observed,excitatory,1994,delta_fluctuation_r2,0.35721534490585327,0.9905200004577637
0.6,0.0,46,perturbation,observed,inhibitory,506,delta_activity_r2,0.5588318580667173,0.9991319748784231
0.6,0.0,46,perturbation,observed,inhibitory,506,delta_fluctuation_r2,0.4515400528907776,0.9927305579185486
0.6,0.0,46,perturbation,unobserved,excitatory,2006,delta_activity_r2,0.4147042529435919,0.9992538134874229
0.6,0.0,46,perturbation,unobserved,excitatory,2006,delta_fluctuation_r2,0.37702494859695435,0.9907078742980957
0.6,0.0,46,perturbation,unobserved,inhibitory,370,delta_activity_r2,0.6006141956951088,0.999195882119384
0.6,0.0,46,perturbation,unobserved,inhibitory,370,delta_fluctuation_r2,0.4939114451408386,0.9933810234069824
0.6,0.0,46,perturbation,targeted,inhibitory,124,delta_activity_r2,0.7175727316890782,0.9998688229674126
0.6,0.0,46,perturbation,targeted,inhibitory,124,delta_fluctuation_r2,0.654349148273468,0.9962241053581238
0.7,0.027373368412986283,44,perturbation,observed,excitatory,1997,delta_activity_r2,0.33965516506072646,0.9990903952787733
0.7,0.027373368412986283,44,perturbation,observed,excitatory,1997,delta_fluctuation_r2,0.27186673879623413,0.9896460175514221
0.7,0.027373368412986283,44,perturbation,observed,inhibitory,503,delta_activity_r2,0.41540504796687694,0.9992718283716899
0.7,0.027373368412986283,44,perturbation,observed,inhibitory,503,delta_fluctuation_r2,0.367994487285614,0.9937296509742737
0.7,0.027373368412986283,44,perturbation,unobserved,excitatory,2003,delta_activity_r2,0.4374822789394812,0.9993396584592613
0.7,0.027373368412986283,44,perturbation,unobserved,excitatory,2003,delta_fluctuation_r2,0.3136417865753174,0.9916563630104065
0.7,0.027373368412986283,44,perturbation,unobserved,inhibitory,373,delta_activity_r2,0.34205855685826647,0.9993146360140089
0.7,0.027373368412986283,44,perturbation,unobserved,inhibitory,373,delta_fluctuation_r2,0.1560649871826172,0.9927361607551575
0.7,0.027373368412986283,44,perturbation,targeted,inhibitory,124,delta_activity_r2,0.07172970738813167,0.9997619566864163
0.7,0.027373368412986283,44,perturbation,targeted,inhibitory,124,delta_fluctuation_r2,0.11282241344451904,0.9941699504852295
0.7,0.0,45,perturbation,observed,excitatory,2009,delta_activity_r2,0.34715730776762854,0.9979501647970905
0.7,0.0,45,perturbation,observed,excitatory,2009,delta_fluctuation_r2,0.3137654662132263,0.9889018535614014
0.7,0.0,45,perturbation,observed,inhibitory,491,delta_activity_r2,-0.5048038197655247,0.9980843879857418
0.7,0.0,45,perturbation,observed,inhibitory,491,delta_fluctuation_r2,0.025981664657592773,0.9903147220611572
0.7,0.0,45,perturbation,unobserved,excitatory,1991,delta_activity_r2,-0.0158161748114658,0.9976579611240349
0.7,0.0,45,perturbation,unobserved,excitatory,1991,delta_fluctuation_r2,0.16517668962478638,0.9868009090423584
0.7,0.0,45,perturbation,unobserved,inhibitory,382,delta_activity_r2,0.1818833847318203,0.9981505422620792
0.7,0.0,45,perturbation,unobserved,inhibitory,382,delta_fluctuation_r2,0.12805843353271484,0.9887239933013916
0.7,0.0,45,perturbation,targeted,inhibitory,127,delta_activity_r2,0.5943429669233538,0.9996409389213724
0.7,0.0,45,perturbation,targeted,inhibitory,127,delta_fluctuation_r2,0.2835797667503357,0.9928293228149414
0.7,0.0,46,perturbation,observed,excitatory,1994,delta_activity_r2,0.377758725705004,0.9991383530741371
0.7,0.0,46,perturbation,observed,excitatory,1994,delta_fluctuation_r2,0.27149832248687744,0.9905200004577637
0.7,0.0,46,perturbation,observed,inhibitory,506,delta_activity_r2,0.4748349454232911,0.9991319748784231
0.7,0.0,46,perturbation,observed,inhibitory,506,delta_fluctuation_r2,0.3647535443305969,0.9927305579185486
0.7,0.0,46,perturbation,unobserved,excitatory,2006,delta_activity_r2,0.34544544218611195,0.9992538134874229
0.7,0.0,46,perturbation,unobserved,excitatory,2006,delta_fluctuation_r2,0.30284619331359863,0.9907078742980957
0.7,0.0,46,perturbation,unobserved,inhibitory,370,delta_activity_r2,0.535183871592499,0.999195882119384
0.7,0.0,46,perturbation,unobserved,inhibitory,370,delta_fluctuation_r2,0.4239407181739807,0.9933810234069824
0.7,0.0,46,perturbation,targeted,inhibitory,124,delta_activity_r2,0.6606220408608121,0.9998688229674126
0.7,0.0,46,perturbation,targeted,inhibitory,124,delta_fluctuation_r2,0.6048984527587891,0.9962241053581238
0.8,0.028374671128253596,44,perturbation,observed,excitatory,1997,delta_activity_r2,0.2664678209992948,0.9990903952787733
0.8,0.028374671128253596,44,perturbation,observed,excitatory,1997,delta_fluctuation_r2,0.2126980423927307,0.9896460175514221
0.8,0.028374671128253596,44,perturbation,observed,inhibitory,503,delta_activity_r2,0.3632074460996343,0.9992718283716899
0.8,0.028374671128253596,44,perturbation,observed,inhibitory,503,delta_fluctuation_r2,0.3107166886329651,0.9937296509742737
0.8,0.028374671128253596,44,perturbation,unobserved,excitatory,2003,delta_activity_r2,0.40455082265608344,0.9993396584592613
0.8,0.028374671128253596,44,perturbation,unobserved,excitatory,2003,delta_fluctuation_r2,0.291023313999176,0.9916563630104065
0.8,0.028374671128253596,44,perturbation,unobserved,inhibitory,373,delta_activity_r2,0.3673094989547664,0.9993146360140089
0.8,0.028374671128253596,44,perturbation,unobserved,inhibitory,373,delta_fluctuation_r2,0.2024943232536316,0.9927361607551575
0.8,0.028374671128253596,44,perturbation,targeted,inhibitory,124,delta_activity_r2,-0.05756431139199636,0.9997619566864163
0.8,0.028374671128253596,44,perturbation,targeted,inhibitory,124,delta_fluctuation_r2,0.029344797134399414,0.9941699504852295
0.8,0.0,45,perturbation,observed,excitatory,2009,delta_activity_r2,0.29668851006719477,0.9979501647970905
0.8,0.0,45,perturbation,observed,excitatory,2009,delta_fluctuation_r2,0.2709670066833496,0.9889018535614014
0.8,0.0,45,perturbation,observed,inhibitory,491,delta_activity_r2,-0.3787294169278881,0.9980843879857418
0.8,0.0,45,perturbation,observed,inhibitory,491,delta_fluctuation_r2,0.05921095609664917,0.9903147220611572
0.8,0.0,45,perturbation,unobserved,excitatory,1991,delta_activity_r2,0.07343407891841747,0.9976579611240349
0.8,0.0,45,perturbation,unobserved,excitatory,1991,delta_fluctuation_r2,0.1755332350730896,0.9868009090423584
0.8,0.0,45,perturbation,unobserved,inhibitory,382,delta_activity_r2,0.20308429324924515,0.9981505422620792
0.8,0.0,45,perturbation,unobserved,inhibitory,382,delta_fluctuation_r2,0.11813253164291382,0.9887239933013916
0.8,0.0,45,perturbation,targeted,inhibitory,127,delta_activity_r2,0.49633490959266546,0.9996409389213724
0.8,0.0,45,perturbation,targeted,inhibitory,127,delta_fluctuation_r2,0.19783467054367065,0.9928293228149414
0.8,0.0,46,perturbation,observed,excitatory,1994,delta_activity_r2,0.2839002788307653,0.9991383530741371
0.8,0.0,46,perturbation,observed,excitatory,1994,delta_fluctuation_r2,0.20487117767333984,0.9905200004577637
0.8,0.0,46,perturbation,observed,inhibitory,506,delta_activity_r2,0.411956927514175,0.9991319748784231
0.8,0.0,46,perturbation,observed,inhibitory,506,delta_fluctuation_r2,0.29395735263824463,0.9927305579185486
0.8,0.0,46,perturbation,unobserved,excitatory,2006,delta_activity_r2,0.29125758450772155,0.9992538134874229
0.8,0.0,46,perturbation,unobserved,excitatory,2006,delta_fluctuation_r2,0.23736321926116943,0.9907078742980957
0.8,0.0,46,perturbation,unobserved,inhibitory,370,delta_activity_r2,0.483881366614604,0.999195882119384
0.8,0.0,46,perturbation,unobserved,inhibitory,370,delta_fluctuation_r2,0.35821533203125,0.9933810234069824
0.8,0.0,46,perturbation,targeted,inhibitory,124,delta_activity_r2,0.6088319506932436,0.9998688229674126
0.8,0.0,46,perturbation,targeted,inhibitory,124,delta_fluctuation_r2,0.5599725246429443,0.9962241053581238
