variant,total_epochs,n_free_params,seed,evaluation,group,cell_type,n_cells,metric,value,ceiling_value
learnt_feedforward,200,12000006,44,held_out,observed,all,2500,activity_r2,0.9725775139244521,0.9999001084661135
learnt_feedforward,200,12000006,44,held_out,observed,all,2500,fluctuation_r2,0.8920882344245911,0.996505856513977
learnt_feedforward,200,12000006,44,held_out,unobserved,all,2500,activity_r2,0.7954745245145849,0.9999280807416051
learnt_feedforward,200,12000006,44,held_out,unobserved,all,2500,fluctuation_r2,0.733387291431427,0.99659264087677
learnt_feedforward,200,12000006,45,held_out,observed,all,2500,activity_r2,0.9771199151337677,0.9999629330560982
learnt_feedforward,200,12000006,45,held_out,observed,all,2500,fluctuation_r2,0.8959278464317322,0.9983589053153992
learnt_feedforward,200,12000006,45,held_out,unobserved,all,2500,activity_r2,0.6716165311500061,0.9999310496804519
learnt_feedforward,200,12000006,45,held_out,unobserved,all,2500,fluctuation_r2,0.6570726633071899,0.9972505569458008
learnt_feedforward,200,12000006,46,held_out,observed,all,2500,activity_r2,0.9761486913033763,0.9999199870924061
learnt_feedforward,200,12000006,46,held_out,observed,all,2500,fluctuation_r2,0.8902217149734497,0.9970261454582214
learnt_feedforward,200,12000006,46,held_out,unobserved,all,2500,activity_r2,0.8050419744063299,0.9999261691979913
learnt_feedforward,200,12000006,46,held_out,unobserved,all,2500,fluctuation_r2,0.7897700071334839,0.9972257018089294
known_input,50,6,44,held_out,observed,all,2500,activity_r2,0.9869213464734578,0.9998987787282803
known_input,50,6,44,held_out,observed,all,2500,fluctuation_r2,0.9770042896270752,0.9965047836303711
known_input,50,6,44,held_out,unobserved,all,2500,activity_r2,0.9890697909802895,0.9999280613774816
known_input,50,6,44,held_out,unobserved,all,2500,fluctuation_r2,0.9790369272232056,0.9966070652008057
known_input,50,6,45,held_out,observed,all,2500,activity_r2,0.9751480415438672,0.9999623128108336
known_input,50,6,45,held_out,observed,all,2500,fluctuation_r2,0.957813560962677,0.9983566999435425
known_input,50,6,45,held_out,unobserved,all,2500,activity_r2,0.9602623368559104,0.9999311861979896
known_input,50,6,45,held_out,unobserved,all,2500,fluctuation_r2,0.9386153221130371,0.9972561597824097
known_input,50,6,46,held_out,observed,all,2500,activity_r2,0.9967719258712946,0.9999190421459915
known_input,50,6,46,held_out,observed,all,2500,fluctuation_r2,0.9870942831039429,0.9970271587371826
known_input,50,6,46,held_out,unobserved,all,2500,activity_r2,0.9954389793081494,0.9999255618465349
known_input,50,6,46,held_out,unobserved,all,2500,fluctuation_r2,0.9854671359062195,0.9972353577613831
learnt_feedforward,200,12000006,44,perturbation,observed,excitatory,1997,delta_activity_r2,0.9066783046714342,0.9991029293771709
learnt_feedforward,200,12000006,44,perturbation,observed,excitatory,1997,delta_fluctuation_r2,0.8052443265914917,0.9896635413169861
learnt_feedforward,200,12000006,44,perturbation,observed,inhibitory,503,delta_activity_r2,0.932721600293749,0.9992975944916914
learnt_feedforward,200,12000006,44,perturbation,observed,inhibitory,503,delta_fluctuation_r2,0.8329694867134094,0.9937301874160767
learnt_feedforward,200,12000006,44,perturbation,unobserved,excitatory,2003,delta_activity_r2,0.8733622257850662,0.9993526780950961
learnt_feedforward,200,12000006,44,perturbation,unobserved,excitatory,2003,delta_fluctuation_r2,0.7260451316833496,0.9916338324546814
learnt_feedforward,200,12000006,44,perturbation,unobserved,inhibitory,373,delta_activity_r2,0.8447511291720804,0.9993256358968685
learnt_feedforward,200,12000006,44,perturbation,unobserved,inhibitory,373,delta_fluctuation_r2,0.7078330516815186,0.9927334189414978
learnt_feedforward,200,12000006,44,perturbation,targeted,inhibitory,124,delta_activity_r2,0.848961750961499,0.9997629475608586
learnt_feedforward,200,12000006,44,perturbation,targeted,inhibitory,124,delta_fluctuation_r2,0.7570576667785645,0.9941986799240112
learnt_feedforward,200,12000006,45,perturbation,observed,excitatory,2009,delta_activity_r2,0.7378515018445208,0.9979644575509501
learnt_feedforward,200,12000006,45,perturbation,observed,excitatory,2009,delta_fluctuation_r2,0.7831860184669495,0.9888677597045898
learnt_feedforward,200,12000006,45,perturbation,observed,inhibitory,491,delta_activity_r2,0.8263381162750715,0.9981891421804947
learnt_feedforward,200,12000006,45,perturbation,observed,inhibitory,491,delta_fluctuation_r2,0.8028542399406433,0.9903920292854309
learnt_feedforward,200,12000006,45,perturbation,unobserved,excitatory,1991,delta_activity_r2,0.7676247649913813,0.9976637648484818
learnt_feedforward,200,12000006,45,perturbation,unobserved,excitatory,1991,delta_fluctuation_r2,0.7024173736572266,0.9868199825286865
learnt_feedforward,200,12000006,45,perturbation,unobserved,inhibitory,382,delta_activity_r2,0.8095879339348979,0.998110203100344
learnt_feedforward,200,12000006,45,perturbation,unobserved,inhibitory,382,delta_fluctuation_r2,0.7318224310874939,0.9887243509292603
learnt_feedforward,200,12000006,45,perturbation,targeted,inhibitory,127,delta_activity_r2,0.36274690656802433,0.9996342325272457
learnt_feedforward,200,12000006,45,perturbation,targeted,inhibitory,127,delta_fluctuation_r2,0.4262806177139282,0.9928848147392273
learnt_feedforward,200,12000006,46,perturbation,observed,excitatory,1994,delta_activity_r2,0.8578949572926517,0.9991426516016071
learnt_feedforward,200,12000006,46,perturbation,observed,excitatory,1994,delta_fluctuation_r2,0.8112198710441589,0.9905229806900024
learnt_feedforward,200,12000006,46,perturbation,observed,inhibitory,506,delta_activity_r2,0.9065271623839534,0.9991551592281609
learnt_feedforward,200,12000006,46,perturbation,observed,inhibitory,506,delta_fluctuation_r2,0.8320143222808838,0.9927428364753723
learnt_feedforward,200,12000006,46,perturbation,unobserved,excitatory,2006,delta_activity_r2,0.8641435725346687,0.9992768400870534
learnt_feedforward,200,12000006,46,perturbation,unobserved,excitatory,2006,delta_fluctuation_r2,0.7793932557106018,0.9906491637229919
learnt_feedforward,200,12000006,46,perturbation,unobserved,inhibitory,370,delta_activity_r2,0.8836900030714093,0.9992327963211844
learnt_feedforward,200,12000006,46,perturbation,unobserved,inhibitory,370,delta_fluctuation_r2,0.8112845420837402,0.9933907985687256
learnt_feedforward,200,12000006,46,perturbation,targeted,inhibitory,124,delta_activity_r2,0.805189597482272,0.9998704834148842
learnt_feedforward,200,12000006,46,perturbation,targeted,inhibitory,124,delta_fluctuation_r2,0.8230865001678467,0.9962237477302551
known_input,50,6,44,perturbation,observed,excitatory,1997,delta_activity_r2,0.9927746542608077,0.9990903952787733
known_input,50,6,44,perturbation,observed,excitatory,1997,delta_fluctuation_r2,0.9574472904205322,0.9896460175514221
known_input,50,6,44,perturbation,observed,inhibitory,503,delta_activity_r2,0.9786594510847968,0.9992718283716899
known_input,50,6,44,perturbation,observed,inhibitory,503,delta_fluctuation_r2,0.9556331038475037,0.9937296509742737
known_input,50,6,44,perturbation,unobserved,excitatory,2003,delta_activity_r2,0.9939245779413931,0.9993396584592613
known_input,50,6,44,perturbation,unobserved,excitatory,2003,delta_fluctuation_r2,0.9615604281425476,0.9916563630104065
known_input,50,6,44,perturbation,unobserved,inhibitory,373,delta_activity_r2,0.9831425955778255,0.9993146360140089
known_input,50,6,44,perturbation,unobserved,inhibitory,373,delta_fluctuation_r2,0.9497366547584534,0.9927361607551575
known_input,50,6,44,perturbation,targeted,inhibitory,124,delta_activity_r2,0.9845831617348068,0.9997619566864163
known_input,50,6,44,perturbation,targeted,inhibitory,124,delta_fluctuation_r2,0.9571144580841064,0.9941699504852295
known_input,50,6,45,perturbation,observed,excitatory,2009,delta_activity_r2,0.9754142887535316,0.9979564129813268
known_input,50,6,45,perturbation,observed,excitatory,2009,delta_fluctuation_r2,0.9274914264678955,0.9889109134674072
known_input,50,6,45,perturbation,observed,inhibitory,491,delta_activity_r2,0.9275510298082627,0.9980759737989183
known_input,50,6,45,perturbation,observed,inhibitory,491,delta_fluctuation_r2,0.8862159252166748,0.990307092666626
known_input,50,6,45,perturbation,unobserved,excitatory,1991,delta_activity_r2,0.9715756668072,0.9976549966878072
known_input,50,6,45,perturbation,unobserved,excitatory,1991,delta_fluctuation_r2,0.9175490736961365,0.9867734313011169
known_input,50,6,45,perturbation,unobserved,inhibitory,382,delta_activity_r2,0.9580100876703738,0.99812666966964
known_input,50,6,45,perturbation,unobserved,inhibitory,382,delta_fluctuation_r2,0.8840134739875793,0.9886733889579773
known_input,50,6,45,perturbation,targeted,inhibitory,127,delta_activity_r2,0.9455974200608586,0.9996333433883909
known_input,50,6,45,perturbation,targeted,inhibitory,127,delta_fluctuation_r2,0.873412013053894,0.9928176999092102
known_input,50,6,46,perturbation,observed,excitatory,1994,delta_activity_r2,0.9884345380381564,0.9991383530741371
known_input,50,6,46,perturbation,observed,excitatory,1994,delta_fluctuation_r2,0.9526647329330444,0.9905200004577637
known_input,50,6,46,perturbation,observed,inhibitory,506,delta_activity_r2,0.9930467982459935,0.9991319748784231
known_input,50,6,46,perturbation,observed,inhibitory,506,delta_fluctuation_r2,0.9682515263557434,0.9927305579185486
known_input,50,6,46,perturbation,unobserved,excitatory,2006,delta_activity_r2,0.9866666293872001,0.9992538134874229
known_input,50,6,46,perturbation,unobserved,excitatory,2006,delta_fluctuation_r2,0.94724440574646,0.9907078742980957
known_input,50,6,46,perturbation,unobserved,inhibitory,370,delta_activity_r2,0.9931903675234013,0.999195882119384
known_input,50,6,46,perturbation,unobserved,inhibitory,370,delta_fluctuation_r2,0.9660775661468506,0.9933810234069824
known_input,50,6,46,perturbation,targeted,inhibitory,124,delta_activity_r2,0.9940667289068827,0.9998688229674126
known_input,50,6,46,perturbation,targeted,inhibitory,124,delta_fluctuation_r2,0.9823170900344849,0.9962241053581238
