total_epochs,variant,n_free_params,observed_fraction,seed,evaluation,group,cell_type,n_cells,metric,value,ceiling_value
50,full_connectome,6,0.5,44,held_out,observed,all,2500,activity_r2,0.9869213464734578,0.9998987787282803
50,full_connectome,6,0.5,44,held_out,observed,all,2500,fluctuation_r2,0.9770042896270752,0.9965047836303711
50,full_connectome,6,0.5,44,held_out,unobserved,all,2500,activity_r2,0.9890697909802895,0.9999280613774816
50,full_connectome,6,0.5,44,held_out,unobserved,all,2500,fluctuation_r2,0.9790369272232056,0.9966070652008057
50,full_connectome,6,0.5,45,held_out,observed,all,2500,activity_r2,0.9751480415438672,0.9999623128108336
50,full_connectome,6,0.5,45,held_out,observed,all,2500,fluctuation_r2,0.957813560962677,0.9983566999435425
50,full_connectome,6,0.5,45,held_out,unobserved,all,2500,activity_r2,0.9602623368559104,0.9999311861979896
50,full_connectome,6,0.5,45,held_out,unobserved,all,2500,fluctuation_r2,0.9386153221130371,0.9972561597824097
50,full_connectome,6,0.5,46,held_out,observed,all,2500,activity_r2,0.9967719258712946,0.9999190421459915
50,full_connectome,6,0.5,46,held_out,observed,all,2500,fluctuation_r2,0.9870942831039429,0.9970271587371826
50,full_connectome,6,0.5,46,held_out,unobserved,all,2500,activity_r2,0.9954389793081494,0.9999255618465349
50,full_connectome,6,0.5,46,held_out,unobserved,all,2500,fluctuation_r2,0.9854671359062195,0.9972353577613831
50,configuration_model,6,1.0,45,held_out,observed,all,5000,activity_r2,-0.02871631527562668,1.0
50,configuration_model,6,1.0,45,held_out,observed,all,5000,fluctuation_r2,-0.010904431343078613,1.0
50,configuration_model,6,1.0,45,held_out,unobserved,all,0,activity_r2,,
50,configuration_model,6,1.0,45,held_out,unobserved,all,0,fluctuation_r2,,
50,configuration_model,6,0.5,44,held_out,observed,all,2500,activity_r2,-0.09919839070401837,0.9998987787282803
50,configuration_model,6,0.5,44,held_out,observed,all,2500,fluctuation_r2,-0.1454761028289795,0.9965047836303711
50,configuration_model,6,0.5,44,held_out,unobserved,all,2500,activity_r2,-0.005236282131616088,0.9999280613774816
50,configuration_model,6,0.5,44,held_out,unobserved,all,2500,fluctuation_r2,-0.07339012622833252,0.9966070652008057
50,configuration_model,6,0.5,45,held_out,observed,all,2500,activity_r2,-0.19385971138536617,0.9999623128108336
50,configuration_model,6,0.5,45,held_out,observed,all,2500,fluctuation_r2,-0.2357875108718872,0.9983566999435425
50,configuration_model,6,0.5,45,held_out,unobserved,all,2500,activity_r2,-0.20369696526462122,0.9999311861979896
50,configuration_model,6,0.5,45,held_out,unobserved,all,2500,fluctuation_r2,-0.24674522876739502,0.9972561597824097
50,configuration_model,6,0.5,46,held_out,observed,all,2500,activity_r2,-0.113887869897775,0.9999190421459915
50,configuration_model,6,0.5,46,held_out,observed,all,2500,fluctuation_r2,-0.1782604455947876,0.9970271587371826
50,configuration_model,6,0.5,46,held_out,unobserved,all,2500,activity_r2,-0.2008690681726728,0.9999255618465349
50,configuration_model,6,0.5,46,held_out,unobserved,all,2500,fluctuation_r2,-0.26369261741638184,0.9972353577613831
50,full_connectome,6,1.0,44,held_out,observed,all,5000,activity_r2,0.9999999968836868,1.0
50,full_connectome,6,1.0,44,held_out,observed,all,5000,fluctuation_r2,0.9999998807907104,1.0
50,full_connectome,6,1.0,44,held_out,unobserved,all,0,activity_r2,,
50,full_connectome,6,1.0,44,held_out,unobserved,all,0,fluctuation_r2,,
50,full_connectome,6,1.0,45,held_out,observed,all,5000,activity_r2,1.0,1.0
50,full_connectome,6,1.0,45,held_out,observed,all,5000,fluctuation_r2,1.0,1.0
50,full_connectome,6,1.0,45,held_out,unobserved,all,0,activity_r2,,
50,full_connectome,6,1.0,45,held_out,unobserved,all,0,fluctuation_r2,,
50,full_connectome,6,1.0,46,held_out,observed,all,5000,activity_r2,0.9999999937673736,1.0
50,full_connectome,6,1.0,46,held_out,observed,all,5000,fluctuation_r2,0.9999997019767761,1.0
50,full_connectome,6,1.0,46,held_out,unobserved,all,0,activity_r2,,
50,full_connectome,6,1.0,46,held_out,unobserved,all,0,fluctuation_r2,,
100,fixed_topology,1582452,0.5,44,held_out,observed,all,2500,activity_r2,0.9940979065315221,0.9998987787282803
100,fixed_topology,1582452,0.5,44,held_out,observed,all,2500,fluctuation_r2,0.9160438776016235,0.9965047836303711
100,fixed_topology,1582452,0.5,44,held_out,unobserved,all,2500,activity_r2,-0.44598741250959173,0.9999280613774816
100,fixed_topology,1582452,0.5,44,held_out,unobserved,all,2500,fluctuation_r2,-0.37674105167388916,0.9966070652008057
100,fixed_topology,1582452,0.5,45,held_out,observed,all,2500,activity_r2,0.9960446083096174,0.9999623128108336
100,fixed_topology,1582452,0.5,45,held_out,observed,all,2500,fluctuation_r2,0.9287466406822205,0.9983566999435425
100,fixed_topology,1582452,0.5,45,held_out,unobserved,all,2500,activity_r2,-1.0013550677265264,0.9999311861979896
100,fixed_topology,1582452,0.5,45,held_out,unobserved,all,2500,fluctuation_r2,-0.710221529006958,0.9972561597824097
100,fixed_topology,1582452,0.5,46,held_out,observed,all,2500,activity_r2,0.9944674848674329,0.9999190421459915
100,fixed_topology,1582452,0.5,46,held_out,observed,all,2500,fluctuation_r2,0.9093729853630066,0.9970271587371826
100,fixed_topology,1582452,0.5,46,held_out,unobserved,all,2500,activity_r2,-0.3760351550371086,0.9999255618465349
100,fixed_topology,1582452,0.5,46,held_out,unobserved,all,2500,fluctuation_r2,-0.28707635402679443,0.9972353577613831
100,unconstrained,25000002,0.5,44,held_out,observed,all,2500,activity_r2,0.9936760479286224,0.9998987787282803
100,unconstrained,25000002,0.5,44,held_out,observed,all,2500,fluctuation_r2,0.8945621252059937,0.9965047836303711
100,unconstrained,25000002,0.5,44,held_out,unobserved,all,2500,activity_r2,-0.2884060549366214,0.9999280613774816
100,unconstrained,25000002,0.5,44,held_out,unobserved,all,2500,fluctuation_r2,-0.2230205535888672,0.9966070652008057
100,unconstrained,25000002,0.5,45,held_out,observed,all,2500,activity_r2,0.9950441675975817,0.9999623128108336
100,unconstrained,25000002,0.5,45,held_out,observed,all,2500,fluctuation_r2,0.897253692150116,0.9983566999435425
100,unconstrained,25000002,0.5,45,held_out,unobserved,all,2500,activity_r2,-0.9515588211779777,0.9999311861979896
100,unconstrained,25000002,0.5,45,held_out,unobserved,all,2500,fluctuation_r2,-0.5925136804580688,0.9972561597824097
100,unconstrained,25000002,0.5,46,held_out,observed,all,2500,activity_r2,0.9928283653849546,0.9999190421459915
100,unconstrained,25000002,0.5,46,held_out,observed,all,2500,fluctuation_r2,0.8700805306434631,0.9970271587371826
100,unconstrained,25000002,0.5,46,held_out,unobserved,all,2500,activity_r2,-0.46966655970797366,0.9999255618465349
100,unconstrained,25000002,0.5,46,held_out,unobserved,all,2500,fluctuation_r2,-0.31953632831573486,0.9972353577613831
50,unconstrained,25000002,1.0,45,held_out,observed,all,5000,activity_r2,0.9543322938900584,1.0
50,unconstrained,25000002,1.0,45,held_out,observed,all,5000,fluctuation_r2,0.7443978190422058,1.0
50,unconstrained,25000002,1.0,45,held_out,unobserved,all,0,activity_r2,,
50,unconstrained,25000002,1.0,45,held_out,unobserved,all,0,fluctuation_r2,,
50,unconstrained,25000002,0.5,44,held_out,observed,all,2500,activity_r2,0.9711890764188992,0.9998987787282803
50,unconstrained,25000002,0.5,44,held_out,observed,all,2500,fluctuation_r2,0.7382603883743286,0.9965047836303711
50,unconstrained,25000002,0.5,44,held_out,unobserved,all,2500,activity_r2,-0.23347068443595376,0.9999280613774816
50,unconstrained,25000002,0.5,44,held_out,unobserved,all,2500,fluctuation_r2,-0.1895771026611328,0.9966070652008057
50,unconstrained,25000002,0.5,45,held_out,observed,all,2500,activity_r2,0.9602727315483542,0.9999623128108336
50,unconstrained,25000002,0.5,45,held_out,observed,all,2500,fluctuation_r2,0.7505866289138794,0.9983566999435425
50,unconstrained,25000002,0.5,45,held_out,unobserved,all,2500,activity_r2,-0.7810219437237846,0.9999311861979896
50,unconstrained,25000002,0.5,45,held_out,unobserved,all,2500,fluctuation_r2,-0.47724878787994385,0.9972561597824097
50,unconstrained,25000002,0.5,46,held_out,observed,all,2500,activity_r2,0.9582773930392737,0.9999190421459915
50,unconstrained,25000002,0.5,46,held_out,observed,all,2500,fluctuation_r2,0.6892841458320618,0.9970271587371826
50,unconstrained,25000002,0.5,46,held_out,unobserved,all,2500,activity_r2,-0.36945846597187515,0.9999255618465349
50,unconstrained,25000002,0.5,46,held_out,unobserved,all,2500,fluctuation_r2,-0.24294185638427734,0.9972353577613831
50,shuffle_weights,6,0.5,44,held_out,observed,all,2500,activity_r2,-0.07420483729596561,0.9998987787282803
50,shuffle_weights,6,0.5,44,held_out,observed,all,2500,fluctuation_r2,-0.13868391513824463,0.9965047836303711
50,shuffle_weights,6,0.5,44,held_out,unobserved,all,2500,activity_r2,-0.035314974832312274,0.9999280613774816
50,shuffle_weights,6,0.5,44,held_out,unobserved,all,2500,fluctuation_r2,-0.09908270835876465,0.9966070652008057
50,shuffle_weights,6,0.5,45,held_out,observed,all,2500,activity_r2,-0.10822652604348337,0.9999623128108336
50,shuffle_weights,6,0.5,45,held_out,observed,all,2500,fluctuation_r2,-0.1595616340637207,0.9983566999435425
50,shuffle_weights,6,0.5,45,held_out,unobserved,all,2500,activity_r2,-0.31294185303829924,0.9999311861979896
50,shuffle_weights,6,0.5,45,held_out,unobserved,all,2500,fluctuation_r2,-0.3171287775039673,0.9972561597824097
50,shuffle_weights,6,0.5,46,held_out,observed,all,2500,activity_r2,-0.08910970632707071,0.9999190421459915
50,shuffle_weights,6,0.5,46,held_out,observed,all,2500,fluctuation_r2,-0.14830589294433594,0.9970271587371826
50,shuffle_weights,6,0.5,46,held_out,unobserved,all,2500,activity_r2,-0.07540733718990977,0.9999255618465349
50,shuffle_weights,6,0.5,46,held_out,unobserved,all,2500,fluctuation_r2,-0.1321319341659546,0.9972353577613831
50,shuffle_weights_global,6,1.0,45,held_out,observed,all,5000,activity_r2,-0.01428060837907763,1.0
50,shuffle_weights_global,6,1.0,45,held_out,observed,all,5000,fluctuation_r2,-0.0012439489364624023,1.0
50,shuffle_weights_global,6,1.0,45,held_out,unobserved,all,0,activity_r2,,
50,shuffle_weights_global,6,1.0,45,held_out,unobserved,all,0,fluctuation_r2,,
50,shuffle_weights_global,6,0.5,44,held_out,observed,all,2500,activity_r2,-0.0966862175212404,0.9998987787282803
50,shuffle_weights_global,6,0.5,44,held_out,observed,all,2500,fluctuation_r2,-0.14863932132720947,0.9965047836303711
50,shuffle_weights_global,6,0.5,44,held_out,unobserved,all,2500,activity_r2,-0.0037425751557391695,0.9999280613774816
50,shuffle_weights_global,6,0.5,44,held_out,unobserved,all,2500,fluctuation_r2,-0.07599234580993652,0.9966070652008057
50,full_connectome,6,0.5,44,perturbation,observed,excitatory,1997,delta_activity_r2,0.9927746542608077,0.9990903952787733
50,full_connectome,6,0.5,44,perturbation,observed,excitatory,1997,delta_fluctuation_r2,0.9574472904205322,0.9896460175514221
50,full_connectome,6,0.5,44,perturbation,observed,inhibitory,503,delta_activity_r2,0.9786594510847968,0.9992718283716899
50,full_connectome,6,0.5,44,perturbation,observed,inhibitory,503,delta_fluctuation_r2,0.9556331038475037,0.9937296509742737
50,full_connectome,6,0.5,44,perturbation,unobserved,excitatory,2003,delta_activity_r2,0.9939245779413931,0.9993396584592613
50,full_connectome,6,0.5,44,perturbation,unobserved,excitatory,2003,delta_fluctuation_r2,0.9615604281425476,0.9916563630104065
50,full_connectome,6,0.5,44,perturbation,unobserved,inhibitory,373,delta_activity_r2,0.9831425955778255,0.9993146360140089
50,full_connectome,6,0.5,44,perturbation,unobserved,inhibitory,373,delta_fluctuation_r2,0.9497366547584534,0.9927361607551575
50,full_connectome,6,0.5,44,perturbation,targeted,inhibitory,124,delta_activity_r2,0.9845831617348068,0.9997619566864163
50,full_connectome,6,0.5,44,perturbation,targeted,inhibitory,124,delta_fluctuation_r2,0.9571144580841064,0.9941699504852295
50,full_connectome,6,0.5,45,perturbation,observed,excitatory,2009,delta_activity_r2,0.9754142887535316,0.9979564129813268
50,full_connectome,6,0.5,45,perturbation,observed,excitatory,2009,delta_fluctuation_r2,0.9274914264678955,0.9889109134674072
50,full_connectome,6,0.5,45,perturbation,observed,inhibitory,491,delta_activity_r2,0.9275510298082627,0.9980759737989183
50,full_connectome,6,0.5,45,perturbation,observed,inhibitory,491,delta_fluctuation_r2,0.8862159252166748,0.990307092666626
50,full_connectome,6,0.5,45,perturbation,unobserved,excitatory,1991,delta_activity_r2,0.9715756668072,0.9976549966878072
50,full_connectome,6,0.5,45,perturbation,unobserved,excitatory,1991,delta_fluctuation_r2,0.9175490736961365,0.9867734313011169
50,full_connectome,6,0.5,45,perturbation,unobserved,inhibitory,382,delta_activity_r2,0.9580100876703738,0.99812666966964
50,full_connectome,6,0.5,45,perturbation,unobserved,inhibitory,382,delta_fluctuation_r2,0.8840134739875793,0.9886733889579773
50,full_connectome,6,0.5,45,perturbation,targeted,inhibitory,127,delta_activity_r2,0.9455974200608586,0.9996333433883909
50,full_connectome,6,0.5,45,perturbation,targeted,inhibitory,127,delta_fluctuation_r2,0.873412013053894,0.9928176999092102
50,full_connectome,6,0.5,46,perturbation,observed,excitatory,1994,delta_activity_r2,0.9884345380381564,0.9991383530741371
50,full_connectome,6,0.5,46,perturbation,observed,excitatory,1994,delta_fluctuation_r2,0.9526647329330444,0.9905200004577637
50,full_connectome,6,0.5,46,perturbation,observed,inhibitory,506,delta_activity_r2,0.9930467982459935,0.9991319748784231
50,full_connectome,6,0.5,46,perturbation,observed,inhibitory,506,delta_fluctuation_r2,0.9682515263557434,0.9927305579185486
50,full_connectome,6,0.5,46,perturbation,unobserved,excitatory,2006,delta_activity_r2,0.9866666293872001,0.9992538134874229
50,full_connectome,6,0.5,46,perturbation,unobserved,excitatory,2006,delta_fluctuation_r2,0.94724440574646,0.9907078742980957
50,full_connectome,6,0.5,46,perturbation,unobserved,inhibitory,370,delta_activity_r2,0.9931903675234013,0.999195882119384
50,full_connectome,6,0.5,46,perturbation,unobserved,inhibitory,370,delta_fluctuation_r2,0.9660775661468506,0.9933810234069824
50,full_connectome,6,0.5,46,perturbation,targeted,inhibitory,124,delta_activity_r2,0.9940667289068827,0.9998688229674126
50,full_connectome,6,0.5,46,perturbation,targeted,inhibitory,124,delta_fluctuation_r2,0.9823170900344849,0.9962241053581238
50,configuration_model,6,0.5,44,perturbation,observed,excitatory,1997,delta_activity_r2,-0.028239210932988312,0.9990903952787733
50,configuration_model,6,0.5,44,perturbation,observed,excitatory,1997,delta_fluctuation_r2,-0.04511284828186035,0.9896460175514221
50,configuration_model,6,0.5,44,perturbation,observed,inhibitory,503,delta_activity_r2,-0.10569925612199937,0.9992718283716899
50,configuration_model,6,0.5,44,perturbation,observed,inhibitory,503,delta_fluctuation_r2,-0.07883620262145996,0.9937296509742737
50,configuration_model,6,0.5,44,perturbation,unobserved,excitatory,2003,delta_activity_r2,-0.01442632911168551,0.9993396584592613
50,configuration_model,6,0.5,44,perturbation,unobserved,excitatory,2003,delta_fluctuation_r2,-0.02885913848876953,0.9916563630104065
50,configuration_model,6,0.5,44,perturbation,unobserved,inhibitory,373,delta_activity_r2,-0.09105928850830192,0.9993146360140089
50,configuration_model,6,0.5,44,perturbation,unobserved,inhibitory,373,delta_fluctuation_r2,-0.07408630847930908,0.9927361607551575
50,configuration_model,6,0.5,44,perturbation,targeted,inhibitory,124,delta_activity_r2,-0.11454123724396714,0.9997619566864163
50,configuration_model,6,0.5,44,perturbation,targeted,inhibitory,124,delta_fluctuation_r2,-0.1267225742340088,0.9941699504852295
50,configuration_model,6,0.5,45,perturbation,observed,excitatory,2009,delta_activity_r2,-0.08942801877782491,0.9979564129813268
50,configuration_model,6,0.5,45,perturbation,observed,excitatory,2009,delta_fluctuation_r2,-0.11022067070007324,0.9889109134674072
50,configuration_model,6,0.5,45,perturbation,observed,inhibitory,491,delta_activity_r2,-0.07176200306679359,0.9980759737989183
50,configuration_model,6,0.5,45,perturbation,observed,inhibitory,491,delta_fluctuation_r2,-0.08582556247711182,0.990307092666626
50,configuration_model,6,0.5,45,perturbation,unobserved,excitatory,1991,delta_activity_r2,-0.2515538032259095,0.9976549966878072
50,configuration_model,6,0.5,45,perturbation,unobserved,excitatory,1991,delta_fluctuation_r2,-0.27580857276916504,0.9867734313011169
50,configuration_model,6,0.5,45,perturbation,unobserved,inhibitory,382,delta_activity_r2,-0.10898495979066603,0.99812666966964
50,configuration_model,6,0.5,45,perturbation,unobserved,inhibitory,382,delta_fluctuation_r2,-0.05372059345245361,0.9886733889579773
50,configuration_model,6,0.5,45,perturbation,targeted,inhibitory,127,delta_activity_r2,-0.3854724328109884,0.9996333433883909
50,configuration_model,6,0.5,45,perturbation,targeted,inhibitory,127,delta_fluctuation_r2,-0.2645953893661499,0.9928176999092102
50,configuration_model,6,0.5,46,perturbation,observed,excitatory,1994,delta_activity_r2,-0.10905916400928484,0.9991383530741371
50,configuration_model,6,0.5,46,perturbation,observed,excitatory,1994,delta_fluctuation_r2,-0.0736156702041626,0.9905200004577637
50,configuration_model,6,0.5,46,perturbation,observed,inhibitory,506,delta_activity_r2,-0.24520340338386903,0.9991319748784231
50,configuration_model,6,0.5,46,perturbation,observed,inhibitory,506,delta_fluctuation_r2,-0.31938767433166504,0.9927305579185486
50,configuration_model,6,0.5,46,perturbation,unobserved,excitatory,2006,delta_activity_r2,-0.043257439228483685,0.9992538134874229
50,configuration_model,6,0.5,46,perturbation,unobserved,excitatory,2006,delta_fluctuation_r2,-0.10057032108306885,0.9907078742980957
50,configuration_model,6,0.5,46,perturbation,unobserved,inhibitory,370,delta_activity_r2,-0.4396577817278702,0.999195882119384
50,configuration_model,6,0.5,46,perturbation,unobserved,inhibitory,370,delta_fluctuation_r2,-0.4176563024520874,0.9933810234069824
50,configuration_model,6,0.5,46,perturbation,targeted,inhibitory,124,delta_activity_r2,-0.2387717448538227,0.9998688229674126
50,configuration_model,6,0.5,46,perturbation,targeted,inhibitory,124,delta_fluctuation_r2,-0.3805950880050659,0.9962241053581238
100,fixed_topology,1582452,0.5,44,perturbation,observed,excitatory,1997,delta_activity_r2,0.7802256364560765,0.9990903952787733
100,fixed_topology,1582452,0.5,44,perturbation,observed,excitatory,1997,delta_fluctuation_r2,0.6666646003723145,0.9896460175514221
100,fixed_topology,1582452,0.5,44,perturbation,observed,inhibitory,503,delta_activity_r2,0.5530378183056702,0.9992718283716899
100,fixed_topology,1582452,0.5,44,perturbation,observed,inhibitory,503,delta_fluctuation_r2,0.6949268579483032,0.9937296509742737
100,fixed_topology,1582452,0.5,44,perturbation,unobserved,excitatory,2003,delta_activity_r2,-0.35491086156391227,0.9993396584592613
100,fixed_topology,1582452,0.5,44,perturbation,unobserved,excitatory,2003,delta_fluctuation_r2,-0.48704981803894043,0.9916563630104065
100,fixed_topology,1582452,0.5,44,perturbation,unobserved,inhibitory,373,delta_activity_r2,-0.2281214682739603,0.9993146360140089
100,fixed_topology,1582452,0.5,44,perturbation,unobserved,inhibitory,373,delta_fluctuation_r2,-0.29595911502838135,0.9927361607551575
100,fixed_topology,1582452,0.5,44,perturbation,targeted,inhibitory,124,delta_activity_r2,-0.5169498082572666,0.9997619566864163
100,fixed_topology,1582452,0.5,44,perturbation,targeted,inhibitory,124,delta_fluctuation_r2,-0.32254302501678467,0.9941699504852295
100,fixed_topology,1582452,0.5,45,perturbation,observed,excitatory,2009,delta_activity_r2,0.4972554473198605,0.9979564129813268
100,fixed_topology,1582452,0.5,45,perturbation,observed,excitatory,2009,delta_fluctuation_r2,0.6596667170524597,0.9889109134674072
100,fixed_topology,1582452,0.5,45,perturbation,observed,inhibitory,491,delta_activity_r2,-0.36469901143164773,0.9980759737989183
100,fixed_topology,1582452,0.5,45,perturbation,observed,inhibitory,491,delta_fluctuation_r2,0.5814633369445801,0.990307092666626
100,fixed_topology,1582452,0.5,45,perturbation,unobserved,excitatory,1991,delta_activity_r2,-1.2863654712013615,0.9976549966878072
100,fixed_topology,1582452,0.5,45,perturbation,unobserved,excitatory,1991,delta_fluctuation_r2,-0.9517219066619873,0.9867734313011169
100,fixed_topology,1582452,0.5,45,perturbation,unobserved,inhibitory,382,delta_activity_r2,-0.4145255285663896,0.99812666966964
100,fixed_topology,1582452,0.5,45,perturbation,unobserved,inhibitory,382,delta_fluctuation_r2,-0.22379589080810547,0.9886733889579773
100,fixed_topology,1582452,0.5,45,perturbation,targeted,inhibitory,127,delta_activity_r2,-1.7484502502761847,0.9996333433883909
100,fixed_topology,1582452,0.5,45,perturbation,targeted,inhibitory,127,delta_fluctuation_r2,-0.9028741121292114,0.9928176999092102
100,fixed_topology,1582452,0.5,46,perturbation,observed,excitatory,1994,delta_activity_r2,0.7975900203461863,0.9991383530741371
100,fixed_topology,1582452,0.5,46,perturbation,observed,excitatory,1994,delta_fluctuation_r2,0.6542749404907227,0.9905200004577637
100,fixed_topology,1582452,0.5,46,perturbation,observed,inhibitory,506,delta_activity_r2,0.26759421583943965,0.9991319748784231
100,fixed_topology,1582452,0.5,46,perturbation,observed,inhibitory,506,delta_fluctuation_r2,0.5984439849853516,0.9927305579185486
100,fixed_topology,1582452,0.5,46,perturbation,unobserved,excitatory,2006,delta_activity_r2,-0.6640748185334238,0.9992538134874229
100,fixed_topology,1582452,0.5,46,perturbation,unobserved,excitatory,2006,delta_fluctuation_r2,-0.5207972526550293,0.9907078742980957
100,fixed_topology,1582452,0.5,46,perturbation,unobserved,inhibitory,370,delta_activity_r2,-0.15545353229645165,0.999195882119384
100,fixed_topology,1582452,0.5,46,perturbation,unobserved,inhibitory,370,delta_fluctuation_r2,-0.060219764709472656,0.9933810234069824
100,fixed_topology,1582452,0.5,46,perturbation,targeted,inhibitory,124,delta_activity_r2,-1.2738228119571584,0.9998688229674126
100,fixed_topology,1582452,0.5,46,perturbation,targeted,inhibitory,124,delta_fluctuation_r2,-0.6014853715896606,0.9962241053581238
100,unconstrained,25000002,0.5,44,perturbation,observed,excitatory,1997,delta_activity_r2,0.8565921899578024,0.9990903952787733
100,unconstrained,25000002,0.5,44,perturbation,observed,excitatory,1997,delta_fluctuation_r2,0.7123275399208069,0.9896460175514221
100,unconstrained,25000002,0.5,44,perturbation,observed,inhibitory,503,delta_activity_r2,0.5763611968709533,0.9992718283716899
100,unconstrained,25000002,0.5,44,perturbation,observed,inhibitory,503,delta_fluctuation_r2,0.6438900232315063,0.9937296509742737
100,unconstrained,25000002,0.5,44,perturbation,unobserved,excitatory,2003,delta_activity_r2,-0.2715855707144732,0.9993396584592613
100,unconstrained,25000002,0.5,44,perturbation,unobserved,excitatory,2003,delta_fluctuation_r2,-0.22377657890319824,0.9916563630104065
100,unconstrained,25000002,0.5,44,perturbation,unobserved,inhibitory,373,delta_activity_r2,-0.18910418566933873,0.9993146360140089
100,unconstrained,25000002,0.5,44,perturbation,unobserved,inhibitory,373,delta_fluctuation_r2,-0.09421908855438232,0.9927361607551575
100,unconstrained,25000002,0.5,44,perturbation,targeted,inhibitory,124,delta_activity_r2,-0.7286347076175954,0.9997619566864163
100,unconstrained,25000002,0.5,44,perturbation,targeted,inhibitory,124,delta_fluctuation_r2,-0.3122749328613281,0.9941699504852295
100,unconstrained,25000002,0.5,45,perturbation,observed,excitatory,2009,delta_activity_r2,0.8305725131542845,0.9979564129813268
100,unconstrained,25000002,0.5,45,perturbation,observed,excitatory,2009,delta_fluctuation_r2,0.6778101921081543,0.9889109134674072
100,unconstrained,25000002,0.5,45,perturbation,observed,inhibitory,491,delta_activity_r2,0.19951235699984993,0.9980759737989183
100,unconstrained,25000002,0.5,45,perturbation,observed,inhibitory,491,delta_fluctuation_r2,0.5621073246002197,0.990307092666626
100,unconstrained,25000002,0.5,45,perturbation,unobserved,excitatory,1991,delta_activity_r2,-0.33702676567882683,0.9976549966878072
100,unconstrained,25000002,0.5,45,perturbation,unobserved,excitatory,1991,delta_fluctuation_r2,-0.3137587308883667,0.9867734313011169
100,unconstrained,25000002,0.5,45,perturbation,unobserved,inhibitory,382,delta_activity_r2,-0.18258718737445556,0.99812666966964
100,unconstrained,25000002,0.5,45,perturbation,unobserved,inhibitory,382,delta_fluctuation_r2,-0.06350421905517578,0.9886733889579773
100,unconstrained,25000002,0.5,45,perturbation,targeted,inhibitory,127,delta_activity_r2,-2.424562746128144,0.9996333433883909
100,unconstrained,25000002,0.5,45,perturbation,targeted,inhibitory,127,delta_fluctuation_r2,-0.9516748189926147,0.9928176999092102
100,unconstrained,25000002,0.5,46,perturbation,observed,excitatory,1994,delta_activity_r2,0.8630713054605181,0.9991383530741371
100,unconstrained,25000002,0.5,46,perturbation,observed,excitatory,1994,delta_fluctuation_r2,0.6767928004264832,0.9905200004577637
100,unconstrained,25000002,0.5,46,perturbation,observed,inhibitory,506,delta_activity_r2,0.6232722248136533,0.9991319748784231
100,unconstrained,25000002,0.5,46,perturbation,observed,inhibitory,506,delta_fluctuation_r2,0.5670305490493774,0.9927305579185486
100,unconstrained,25000002,0.5,46,perturbation,unobserved,excitatory,2006,delta_activity_r2,-0.4464132496578608,0.9992538134874229
100,unconstrained,25000002,0.5,46,perturbation,unobserved,excitatory,2006,delta_fluctuation_r2,-0.29090869426727295,0.9907078742980957
100,unconstrained,25000002,0.5,46,perturbation,unobserved,inhibitory,370,delta_activity_r2,-0.05624903412949389,0.999195882119384
100,unconstrained,25000002,0.5,46,perturbation,unobserved,inhibitory,370,delta_fluctuation_r2,-0.02667236328125,0.9933810234069824
100,unconstrained,25000002,0.5,46,perturbation,targeted,inhibitory,124,delta_activity_r2,-0.8519142044324652,0.9998688229674126
100,unconstrained,25000002,0.5,46,perturbation,targeted,inhibitory,124,delta_fluctuation_r2,-0.3858637809753418,0.9962241053581238
50,unconstrained,25000002,0.5,44,perturbation,observed,excitatory,1997,delta_activity_r2,0.5401350035822986,0.9990903952787733
50,unconstrained,25000002,0.5,44,perturbation,observed,excitatory,1997,delta_fluctuation_r2,0.3164799213409424,0.9896460175514221
50,unconstrained,25000002,0.5,44,perturbation,observed,inhibitory,503,delta_activity_r2,0.6144633066143024,0.9992718283716899
50,unconstrained,25000002,0.5,44,perturbation,observed,inhibitory,503,delta_fluctuation_r2,0.4074520468711853,0.9937296509742737
50,unconstrained,25000002,0.5,44,perturbation,unobserved,excitatory,2003,delta_activity_r2,-0.08480055798273156,0.9993396584592613
50,unconstrained,25000002,0.5,44,perturbation,unobserved,excitatory,2003,delta_fluctuation_r2,-0.06634795665740967,0.9916563630104065
50,unconstrained,25000002,0.5,44,perturbation,unobserved,inhibitory,373,delta_activity_r2,-0.05506569625758928,0.9993146360140089
50,unconstrained,25000002,0.5,44,perturbation,unobserved,inhibitory,373,delta_fluctuation_r2,-0.04329991340637207,0.9927361607551575
50,unconstrained,25000002,0.5,44,perturbation,targeted,inhibitory,124,delta_activity_r2,-0.5802080413949631,0.9997619566864163
50,unconstrained,25000002,0.5,44,perturbation,targeted,inhibitory,124,delta_fluctuation_r2,-0.24757158756256104,0.9941699504852295
50,unconstrained,25000002,0.5,45,perturbation,observed,excitatory,2009,delta_activity_r2,0.43253905202035925,0.9979564129813268
50,unconstrained,25000002,0.5,45,perturbation,observed,excitatory,2009,delta_fluctuation_r2,0.21849852800369263,0.9889109134674072
50,unconstrained,25000002,0.5,45,perturbation,observed,inhibitory,491,delta_activity_r2,0.19264824316755425,0.9980759737989183
50,unconstrained,25000002,0.5,45,perturbation,observed,inhibitory,491,delta_fluctuation_r2,0.2784309387207031,0.990307092666626
50,unconstrained,25000002,0.5,45,perturbation,unobserved,excitatory,1991,delta_activity_r2,-0.04348020109784345,0.9976549966878072
50,unconstrained,25000002,0.5,45,perturbation,unobserved,excitatory,1991,delta_fluctuation_r2,-0.05363011360168457,0.9867734313011169
50,unconstrained,25000002,0.5,45,perturbation,unobserved,inhibitory,382,delta_activity_r2,-0.10131618708181267,0.99812666966964
50,unconstrained,25000002,0.5,45,perturbation,unobserved,inhibitory,382,delta_fluctuation_r2,-0.04365241527557373,0.9886733889579773
50,unconstrained,25000002,0.5,45,perturbation,targeted,inhibitory,127,delta_activity_r2,-1.9074910279038466,0.9996333433883909
50,unconstrained,25000002,0.5,45,perturbation,targeted,inhibitory,127,delta_fluctuation_r2,-0.7531484365463257,0.9928176999092102
50,unconstrained,25000002,0.5,46,perturbation,observed,excitatory,1994,delta_activity_r2,0.3725329425678726,0.9991383530741371
50,unconstrained,25000002,0.5,46,perturbation,observed,excitatory,1994,delta_fluctuation_r2,0.18846112489700317,0.9905200004577637
50,unconstrained,25000002,0.5,46,perturbation,observed,inhibitory,506,delta_activity_r2,0.3005772749399007,0.9991319748784231
50,unconstrained,25000002,0.5,46,perturbation,observed,inhibitory,506,delta_fluctuation_r2,0.22023046016693115,0.9927305579185486
50,unconstrained,25000002,0.5,46,perturbation,unobserved,excitatory,2006,delta_activity_r2,-0.03546280065425722,0.9992538134874229
50,unconstrained,25000002,0.5,46,perturbation,unobserved,excitatory,2006,delta_fluctuation_r2,-0.02768230438232422,0.9907078742980957
50,unconstrained,25000002,0.5,46,perturbation,unobserved,inhibitory,370,delta_activity_r2,-0.027727333968256662,0.999195882119384
50,unconstrained,25000002,0.5,46,perturbation,unobserved,inhibitory,370,delta_fluctuation_r2,-0.01896214485168457,0.9933810234069824
50,unconstrained,25000002,0.5,46,perturbation,targeted,inhibitory,124,delta_activity_r2,-0.7787316708922236,0.9998688229674126
50,unconstrained,25000002,0.5,46,perturbation,targeted,inhibitory,124,delta_fluctuation_r2,-0.35527360439300537,0.9962241053581238
50,shuffle_weights,6,0.5,44,perturbation,observed,excitatory,1997,delta_activity_r2,-0.03687041409294145,0.9990903952787733
50,shuffle_weights,6,0.5,44,perturbation,observed,excitatory,1997,delta_fluctuation_r2,-0.06990659236907959,0.9896460175514221
50,shuffle_weights,6,0.5,44,perturbation,observed,inhibitory,503,delta_activity_r2,-0.05802771331663159,0.9992718283716899
50,shuffle_weights,6,0.5,44,perturbation,observed,inhibitory,503,delta_fluctuation_r2,-0.03862571716308594,0.9937296509742737
50,shuffle_weights,6,0.5,44,perturbation,unobserved,excitatory,2003,delta_activity_r2,-0.011609045234107773,0.9993396584592613
50,shuffle_weights,6,0.5,44,perturbation,unobserved,excitatory,2003,delta_fluctuation_r2,-0.02039480209350586,0.9916563630104065
50,shuffle_weights,6,0.5,44,perturbation,unobserved,inhibitory,373,delta_activity_r2,-0.009256815584073763,0.9993146360140089
50,shuffle_weights,6,0.5,44,perturbation,unobserved,inhibitory,373,delta_fluctuation_r2,-0.0260009765625,0.9927361607551575
50,shuffle_weights,6,0.5,44,perturbation,targeted,inhibitory,124,delta_activity_r2,-0.2124569709478834,0.9997619566864163
50,shuffle_weights,6,0.5,44,perturbation,targeted,inhibitory,124,delta_fluctuation_r2,-0.18491101264953613,0.9941699504852295
50,shuffle_weights,6,0.5,45,perturbation,observed,excitatory,2009,delta_activity_r2,-0.10700364949119412,0.9979564129813268
50,shuffle_weights,6,0.5,45,perturbation,observed,excitatory,2009,delta_fluctuation_r2,-0.10632216930389404,0.9889109134674072
50,shuffle_weights,6,0.5,45,perturbation,observed,inhibitory,491,delta_activity_r2,-0.14192176508526044,0.9980759737989183
50,shuffle_weights,6,0.5,45,perturbation,observed,inhibitory,491,delta_fluctuation_r2,-0.304807186126709,0.990307092666626
50,shuffle_weights,6,0.5,45,perturbation,unobserved,excitatory,1991,delta_activity_r2,-0.08621826214813777,0.9976549966878072
50,shuffle_weights,6,0.5,45,perturbation,unobserved,excitatory,1991,delta_fluctuation_r2,-0.12197005748748779,0.9867734313011169
50,shuffle_weights,6,0.5,45,perturbation,unobserved,inhibitory,382,delta_activity_r2,-0.2935196313451771,0.99812666966964
50,shuffle_weights,6,0.5,45,perturbation,unobserved,inhibitory,382,delta_fluctuation_r2,-0.3003302812576294,0.9886733889579773
50,shuffle_weights,6,0.5,45,perturbation,targeted,inhibitory,127,delta_activity_r2,-0.614007372095307,0.9996333433883909
50,shuffle_weights,6,0.5,45,perturbation,targeted,inhibitory,127,delta_fluctuation_r2,-0.7262958288192749,0.9928176999092102
50,shuffle_weights,6,0.5,46,perturbation,observed,excitatory,1994,delta_activity_r2,-0.08233266005390938,0.9991383530741371
50,shuffle_weights,6,0.5,46,perturbation,observed,excitatory,1994,delta_fluctuation_r2,-0.07252991199493408,0.9905200004577637
50,shuffle_weights,6,0.5,46,perturbation,observed,inhibitory,506,delta_activity_r2,-0.19708447391561124,0.9991319748784231
50,shuffle_weights,6,0.5,46,perturbation,observed,inhibitory,506,delta_fluctuation_r2,-0.15505456924438477,0.9927305579185486
50,shuffle_weights,6,0.5,46,perturbation,unobserved,excitatory,2006,delta_activity_r2,-0.047172360426947835,0.9992538134874229
50,shuffle_weights,6,0.5,46,perturbation,unobserved,excitatory,2006,delta_fluctuation_r2,-0.043866634368896484,0.9907078742980957
50,shuffle_weights,6,0.5,46,perturbation,unobserved,inhibitory,370,delta_activity_r2,-0.13640284990630014,0.999195882119384
50,shuffle_weights,6,0.5,46,perturbation,unobserved,inhibitory,370,delta_fluctuation_r2,-0.1671372652053833,0.9933810234069824
50,shuffle_weights,6,0.5,46,perturbation,targeted,inhibitory,124,delta_activity_r2,-0.09506879562079118,0.9998688229674126
50,shuffle_weights,6,0.5,46,perturbation,targeted,inhibitory,124,delta_fluctuation_r2,-0.10600066184997559,0.9962241053581238
50,shuffle_weights_global,6,0.5,44,perturbation,observed,excitatory,1997,delta_activity_r2,-0.09214403469300136,0.9990903952787733
50,shuffle_weights_global,6,0.5,44,perturbation,observed,excitatory,1997,delta_fluctuation_r2,-0.08812570571899414,0.9896460175514221
50,shuffle_weights_global,6,0.5,44,perturbation,observed,inhibitory,503,delta_activity_r2,-0.055170819192776666,0.9992718283716899
50,shuffle_weights_global,6,0.5,44,perturbation,observed,inhibitory,503,delta_fluctuation_r2,-0.03602766990661621,0.9937296509742737
50,shuffle_weights_global,6,0.5,44,perturbation,unobserved,excitatory,2003,delta_activity_r2,-0.022532793956227204,0.9993396584592613
50,shuffle_weights_global,6,0.5,44,perturbation,unobserved,excitatory,2003,delta_fluctuation_r2,-0.037784695625305176,0.9916563630104065
50,shuffle_weights_global,6,0.5,44,perturbation,unobserved,inhibitory,373,delta_activity_r2,-0.03330095524530097,0.9993146360140089
50,shuffle_weights_global,6,0.5,44,perturbation,unobserved,inhibitory,373,delta_fluctuation_r2,-0.040610432624816895,0.9927361607551575
50,shuffle_weights_global,6,0.5,44,perturbation,targeted,inhibitory,124,delta_activity_r2,-0.1632682557389793,0.9997619566864163
50,shuffle_weights_global,6,0.5,44,perturbation,targeted,inhibitory,124,delta_fluctuation_r2,-0.1133418083190918,0.9941699504852295
