# Cumulative fraction of synaptic input volume, largest presynaptic partners first.
# Per-cell curves resampled from original presynaptic partners count onto 390 inputs.
# Dense connectome 230219a-rsg11-std-spl-edges_ariadne-20260417T142327_run-20260417T143444_connectome-20260421T131207.hdf5; synapse score > 138.6; proofread cells only.
x_inputs_resampled,spiny_median,spiny_q25,spiny_q75,smooth_median,smooth_q25,smooth_q75
0,0.0,0.0,0.0,0.0,0.0,0.0
1,0.018931468147245036,0.016342250301697676,0.02238123933994325,0.013950741786717163,0.010848149775829579,0.01646489404950418
2,0.03377387723592879,0.029885504717276093,0.03977104016452325,0.027552314237734923,0.021696299551659158,0.03247973532744386
3,0.04695459006996534,0.042262687995537083,0.054862384636637625,0.03969250511631196,0.03233497826757309,0.04787003740770668
4,0.059339341753915635,0.05367813348055159,0.06866233927320857,0.051203795665666255,0.042705531516253635,0.06300499689910966
5,0.07026171933392136,0.06445129049795076,0.08104665622430485,0.06274782288605824,0.053240801769055185,0.07768038848691883
6,0.08070593800136634,0.07459314913748477,0.09329311362257346,0.07345437776430486,0.0626926854770545,0.09290578019261472
7,0.09069192805737433,0.08435438609643826,0.10464380549341759,0.08308786715093562,0.0723133439357097,0.10733988703544603
8,0.100394171575996,0.09370540815736554,0.11509269022710139,0.09286141287398565,0.08151670126381075,0.12123255752000629
9,0.1099537655534713,0.10280996774347045,0.12602636124904432,0.10446908948323386,0.0912342626239877,0.13418075916831038
10,0.11927339732328227,0.11117011512114007,0.13602623721154275,0.11384852909644337,0.10031843592201568,0.14727190352930603
11,0.1279499011420876,0.11935279270409373,0.1455199136038134,0.12430955319494717,0.1098248478834794,0.1604415071563606
12,0.13663426576130078,0.12752808802466878,0.15464526261821115,0.13475283607791064,0.11822636414123901,0.17241764041039814
13,0.14502804308677456,0.13525759336978155,0.16390340962613345,0.1438118839247498,0.12711508384371534,0.1840384516207737
14,0.1532922327858065,0.1428924280203871,0.17246731240173985,0.15416287369110415,0.135248411672444,0.1955691762787867
15,0.16111147257111283,0.1502282536472336,0.18151666077935819,0.1611099386902881,0.14239329397554168,0.20724757102763802
16,0.1689095244341492,0.15768960638389576,0.18939670094394656,0.16922508254235655,0.14967167518838898,0.21741779623883994
17,0.1763181007329403,0.16480002979747743,0.19778013850653647,0.17740492184878204,0.15692781474150452,0.22769445775846295
18,0.18359208303976268,0.17194719163732985,0.20512100423000204,0.18508349629872323,0.16434059838617016,0.23773355328159892
19,0.19075921993180392,0.17893477317915749,0.21281474252206622,0.1931847477387711,0.1719194380786789,0.24572492576243482
20,0.19755324479865202,0.18568568330300594,0.220523588463724,0.20212667216948602,0.17871517917217167,0.25341414319930183
21,0.20417093441105627,0.19226530986664012,0.22780828482401078,0.2099393366979692,0.18512210864802114,0.261529688926055
22,0.21084058417657392,0.19908051709175795,0.23493146004940607,0.21885256539584563,0.19141617784319487,0.27078771093306186
23,0.21753515106923155,0.20551733035222086,0.241646584598451,0.22729442494479113,0.19772270661002755,0.2809401870036763
24,0.22402848293468017,0.21185286050610963,0.2487522077380702,0.2357362844937366,0.20389261407363146,0.2910926630742907
25,0.23043156742416226,0.2181011721141745,0.2552169806303957,0.24314652636322828,0.21002834756244754,0.3006644127222764
26,0.23664371540919,0.22426765759614298,0.2619701265092843,0.2516276757603604,0.21603954954476912,0.30993198163877
27,0.24302036997657056,0.23048741970685704,0.2686116427398677,0.2587715683990576,0.22280169546505196,0.3191995505552636
28,0.24915271242367742,0.23671176578515757,0.2749655659534961,0.26583918072595997,0.23003376445677662,0.32827637804774734
29,0.25507280469373494,0.24270343507365486,0.2813707923644666,0.27368380249968394,0.2369943457693589,0.3373027151632873
30,0.26116371643884534,0.24837252899533233,0.2871314809806704,0.2795850707057299,0.24392173056053895,0.3451783600337397
31,0.26719175403076667,0.2540908066751818,0.2926782694298592,0.28660904024944744,0.24982480867880258,0.35167434067027104
32,0.2729365673094907,0.25987006146191516,0.2982850941062344,0.2940834565032302,0.25622432823565094,0.35961879740585057
33,0.27853640185747597,0.26539365014998717,0.3038962670549754,0.301557872757013,0.26269702872435086,0.3679711161159945
34,0.284135928394598,0.2708352220790744,0.3097393771566703,0.3088582310021756,0.2690743212125375,0.37632343482613845
35,0.2899265484662798,0.27628608750650996,0.31568820154177024,0.3143309801568257,0.2754308618344474,0.3844108960032949
36,0.2955769195121619,0.28168761563910905,0.3217418513650139,0.3218091200689428,0.28169188747749846,0.3920821995888438
37,0.301036285998012,0.28715075334915546,0.32760551387112613,0.32923383573487547,0.28889595774034216,0.39975350317439284
38,0.3063592862215,0.2924165516988791,0.3332490718073652,0.33648405149992106,0.2962047519048855,0.40764790273406293
39,0.31182797477846635,0.2978602064931963,0.3391138124934924,0.34373426726496664,0.3025680715151431,0.41517480110077865
40,0.3171393566334877,0.30315300726000927,0.34502530759053807,0.35098448303001223,0.30780017890187983,0.42095223612871147
41,0.3223268524681743,0.3083128513280039,0.35108065440568176,0.35823469879505776,0.3128884795554929,0.4288230181647287
42,0.32747042680629046,0.313401059261259,0.35692219758495414,0.3649132350938009,0.3179534838978663,0.4360356081651512
43,0.332605627408529,0.31846505896190336,0.36256192417454564,0.37118734795367775,0.32299461980082594,0.44292315474592503
44,0.3378359436717757,0.323477506038864,0.3681159515101818,0.37794917456110005,0.32797085023861394,0.45028003579386267
45,0.3428274336371772,0.32843447443411183,0.37359358909626667,0.3847110011685223,0.33290558309105184,0.4576369168418003
46,0.3479861203635026,0.3333651392026378,0.3788425343616275,0.3905946480458085,0.3378132306865266,0.46499379788973794
47,0.3529389220022062,0.338274873865821,0.3838819185215291,0.3961096890001681,0.34246225513672546,0.4722172061836248
48,0.357820144847005,0.3431227592712957,0.38889412722896877,0.40162472995452764,0.34698909443687787,0.47799488540061746
49,0.3625411421682935,0.3479293206442955,0.3937640326261806,0.40713977090888726,0.35177601102279477,0.4841093346034929
50,0.36734274195540895,0.3526765204734567,0.3986894692979392,0.4126548118632468,0.3564252608097922,0.4907789936582704
51,0.37225295156760174,0.35731633317695854,0.4034538417711249,0.4181698528176064,0.3610089759359866,0.4970046504297651
52,0.3771632018305623,0.36194373299250004,0.4081430344022853,0.42368489377196594,0.3655476901661803,0.5030188775425538
53,0.3819979073895756,0.3664665088509662,0.4127422360027855,0.42919993472632556,0.3700578515008456,0.5090331046553425
54,0.38676798874031726,0.3710306046677951,0.4173185498446733,0.4347149756806851,0.37454462995804705,0.5150473317681312
55,0.39132850102122196,0.3756274197166956,0.42169545525574,0.4406965722215842,0.3790111545348263,0.5212627074510754
56,0.3958355595465075,0.3802911905993947,0.42580038150416516,0.4463158340002343,0.3834305308125223,0.5274772140956284
57,0.4003906116497751,0.38485652968687006,0.4298891035580421,0.45160881438833517,0.38779430188667785,0.5337867215443648
58,0.40484640597854055,0.3893827707556788,0.4345471473594875,0.456901794776436,0.39211299218706475,0.540239060389986
59,0.4092932973825901,0.39382982898716185,0.43951621999105084,0.4621947751645369,0.39640825222029585,0.546161537546578
60,0.41382155407186555,0.3981938360497095,0.4438242721645415,0.4674877555526378,0.40066903742613136,0.5519114942142853
61,0.418250811643221,0.4024891584149604,0.4479706995101274,0.47278073594073866,0.40546299291684373,0.5574674287597277
62,0.4226473501010355,0.4068253695983576,0.452105108115616,0.47807371632883955,0.4102272793422257,0.5630233633051698
63,0.42697141182094117,0.4111069546622254,0.45621024442818814,0.48334260026069653,0.4149211685950979,0.5685792978506119
64,0.43119761194437844,0.4152398084396176,0.4602883609275388,0.4878758751804718,0.4195857506005097,0.574038074156535
65,0.4353346056648869,0.41933484998966913,0.4643564496215973,0.49343056760785886,0.4236921787554272,0.5794656210283269
66,0.43942434340204684,0.42348519945358254,0.46839692692221596,0.49847455128144,0.42764332238842045,0.5848931679001188
67,0.4434459003729698,0.42763141295224444,0.47241016480004633,0.5038865879965886,0.431565522284278,0.5903207147719107
68,0.44743175418564407,0.4317562520397118,0.47639321728551953,0.5099192303190097,0.43547474329215197,0.5957482616437024
69,0.45138527571858067,0.43583647565931966,0.48035283179102434,0.5159518726414306,0.43936863257409065,0.6012420865444423
70,0.4553722249055172,0.439894638485819,0.48434090062393076,0.5219845149638516,0.4432573798182941,0.607201842511415
71,0.45954170746053563,0.4439723566036111,0.48834441482350227,0.5280171572862725,0.447135931500397,0.6128691913191506
72,0.4636899523345541,0.4480451092160186,0.492306010827104,0.5340497996086935,0.45097322540527707,0.6183247231214886
73,0.4678151821959272,0.4520476051656078,0.49618568189269197,0.5401604479171019,0.45478970765447535,0.6237802549238265
74,0.4718003593950735,0.45590918842082817,0.5000400497520427,0.5444870844404844,0.4585913712606969,0.6292357867261645
75,0.47568100462689356,0.45972595632336577,0.5039287615654435,0.5496039768680642,0.46236482215374397,0.6346913185285025
76,0.4795312270525637,0.4635076841883552,0.5077941431822521,0.554720869295644,0.46611875244906553,0.6401468503308405
77,0.48333638319343786,0.4673333318527121,0.5116453601315052,0.5598377617232237,0.4698639884763142,0.6456023821331784
78,0.4871029640854513,0.4711590889612713,0.5153313118669551,0.5649546541508036,0.47359546222697224,0.6510579139355164
79,0.4908384278771865,0.47501007629610276,0.5189453648539513,0.5700715465783833,0.47730604668524546,0.6565134457378544
80,0.494544397665143,0.4788393702601805,0.5225496835012693,0.5751884390059631,0.48100512716426036,0.6619689775401925
81,0.4982260557130004,0.48263507363779146,0.526155527015605,0.5803053314335429,0.4846896180108753,0.6666652652177822
82,0.50189407342239,0.48639882927558165,0.5297486514640503,0.5854222238611226,0.48835151893657947,0.671361552895372
83,0.5055858096523509,0.4901598917830342,0.533239115366368,0.5905391162887025,0.4919764966945396,0.6758615050970989
84,0.5092964273064309,0.4938348706510691,0.5367530292960949,0.5956560087162822,0.4955670674967485,0.6798378960298574
85,0.5130271341677953,0.49751695364602005,0.5402467059560848,0.6001202710134437,0.49920678699458326,0.6838142869626158
86,0.5167297516301029,0.5011710963646047,0.5436880908352691,0.6034793031043446,0.503237680364002,0.6877906778953744
87,0.5203293292212563,0.5047672100926699,0.5472395428140665,0.6066534090242591,0.5072626380241505,0.691767068828133
88,0.5237789913701683,0.5083342075717091,0.5506751338104825,0.6098275149441736,0.5112857985554371,0.6957434597608916
89,0.527208935285904,0.5118644894301202,0.554063682122772,0.6130016208640883,0.5152977745515706,0.69971985069365
90,0.5306999622077513,0.515383813146995,0.5574618175921691,0.6161757267840028,0.5192788278352178,0.7036962416264085
91,0.5341615272598716,0.5188902514394708,0.5609137662605951,0.6193498327039173,0.5232157996214905,0.7076710728958048
92,0.5376113818933504,0.5223837287634171,0.5643365596478501,0.6231170404707057,0.5271501793949812,0.711645904165201
93,0.5409844615668045,0.5258562462153001,0.5677216794101841,0.6279147717369287,0.5306764780471118,0.7156207354345974
94,0.5443131636063585,0.5292859001268386,0.5710831832129979,0.6327125030031515,0.5340652060308613,0.7195955667039935
95,0.5476320441777551,0.5328354879203716,0.5744154325624742,0.6375102342693745,0.5376829191893332,0.7235592112472555
96,0.5509401779408977,0.5362240679102603,0.5777363771456661,0.642081280590926,0.5414183696848685,0.7275094317191563
97,0.554231619507765,0.5395868017180068,0.5810475847771944,0.6462115506311722,0.5451413466338405,0.731459652191057
98,0.5575956670488382,0.5429282638782565,0.5843268959067525,0.6503418206714183,0.5488534622494614,0.7354098726629578
99,0.5609551000531832,0.5462533536467167,0.587552972935625,0.6544720907116645,0.5525558358216476,0.7393600931348585
100,0.564300050508223,0.5495948435591793,0.5907842109158439,0.6590183400574974,0.5562471295129989,0.742802542437986
101,0.5676302816541334,0.5529559490366793,0.5940422630290896,0.6641532383517693,0.5598718360474659,0.7459509444733798
102,0.5709401348961345,0.5563005172278621,0.5972862671813813,0.6692881366460413,0.5634642275271058,0.7490993465087736
103,0.5741689451325097,0.5595680579648202,0.6005081580350728,0.6744230349403131,0.5670497769726762,0.7520986390666511
104,0.5773608380325862,0.56278986802921,0.6036415743861223,0.679557933234585,0.5706317779151797,0.7551859856723534
105,0.5805334692575519,0.5660425803971841,0.6067600041430403,0.6844230584145466,0.5742113741545306,0.7585243312498546
106,0.5838275733857581,0.5692473880425013,0.609931293351059,0.6892881835945083,0.5775881114369368,0.7618626768273558
107,0.5869216752427786,0.5724408025220955,0.6130848348240181,0.6930996651366016,0.5807601468196801,0.7652010224048571
108,0.5900192079214318,0.5755972272343521,0.6164382898948568,0.6967637034339913,0.5839129504692195,0.7684552702800872
109,0.5931049537178694,0.5787157991791665,0.6195382378321151,0.7002380057024272,0.5870526379430878,0.7715903797437668
110,0.5962395126376498,0.5818244383172344,0.622523305365742,0.7036174399563861,0.5901789924490444,0.7747254892074463
111,0.5993643034150741,0.5849272571746564,0.6254920874707045,0.7069968742103451,0.5932949962659247,0.7778605986711258
112,0.6024705568697539,0.5880184169831733,0.6284520409298711,0.7103763084643041,0.5963939942369665,0.7809957081348053
113,0.6055586830880724,0.5910955619957915,0.6313717353024741,0.713755742718263,0.5994758739530732,0.7841308175984849
114,0.6086169643136456,0.594149291368812,0.6342727062013073,0.7171351769722221,0.6025475659199784,0.7872578325519244
115,0.6116342186188204,0.5971875676648523,0.6370883363581576,0.720514611226181,0.6055978005174869,0.7903824866065439
116,0.6145642761637795,0.6002125688339293,0.639883345607327,0.7238940454801399,0.608628515640486,0.7935071406611633
117,0.6174794581053449,0.6032297877523033,0.6426725565772383,0.727273479734099,0.6116471609136049,0.7966317947157828
118,0.6203702945629576,0.6062387955559658,0.645453415618104,0.7306529139880579,0.6146535326267352,0.7997564487704023
119,0.6232414319800754,0.6092393675574745,0.6482026988647461,0.7340323482420169,0.6176492661458793,0.8028811028250217
120,0.6261450277912403,0.612281138322232,0.6508981284231602,0.7371726227782719,0.6206263798582938,0.8060057568796412
121,0.6290577783494602,0.6152921546316925,0.6535775171386403,0.740265065370986,0.6235800284371888,0.8090899441511096
122,0.6319629012816972,0.6182571444995331,0.6562394056737907,0.7433575079637003,0.6265165996838773,0.8116320442839633
123,0.6348471364916299,0.6211768576380894,0.6589090950743486,0.7464499505564144,0.6294291874129188,0.814169347495292
124,0.6377184875898148,0.6240910918115373,0.6616137647710861,0.7495423931491286,0.6323321988106925,0.816677807463744
125,0.6405381014494538,0.627006416632915,0.6642690625284143,0.7526348357418428,0.6352244050998368,0.819188315038914
126,0.643291213277168,0.6298046775163942,0.66683928341983,0.755727278334557,0.6380487277470375,0.822105427227526
127,0.6460610238587212,0.6327525162884047,0.6697205405955545,0.7588197209272711,0.6408310164857914,0.8250567567818756
128,0.6488473568260702,0.6356987844909112,0.6722837219223153,0.7619121635199854,0.6436052066540628,0.8280080863362251
129,0.6515582975068741,0.6385546926635708,0.6748594180628046,0.7646277985995618,0.6463666282798872,0.8309594158905749
130,0.6542956352442904,0.6413847252854439,0.6774188054329164,0.7669018078342802,0.6491177260404286,0.8339107454449244
131,0.6570111188575194,0.644190154766445,0.6799724406067833,0.7691758170689986,0.651863663563593,0.8360408522141582
132,0.6597162115147293,0.6469680092779897,0.6825115820017148,0.7714498263037171,0.6545858650062617,0.8381709589833921
133,0.6624168228486611,0.6497287933740598,0.6850459149895348,0.7737238355384356,0.65728787046918,0.8402665766784093
134,0.6651113889714055,0.6524529828725576,0.687571089183574,0.775997844773154,0.6599774675881034,0.8421904339865999
135,0.6677926670890472,0.6551662399603679,0.69008197778526,0.7782079472459247,0.6626490974895408,0.8438783312040564
136,0.6704629024931474,0.657910633011229,0.6925718079221574,0.780413789267899,0.6653052721086867,0.8456343872160661
137,0.6730911222565976,0.6606060609594986,0.6951483946892029,0.7826196312898732,0.6679513692270178,0.8473433342582989
138,0.6756822842103314,0.663310016232695,0.6977406728318984,0.7848254733118474,0.6705796820975763,0.8491645474061477
139,0.6783021386484032,0.665979165110594,0.7003279464550206,0.787052313722165,0.6731853464547755,0.8512416309249579
140,0.6809462032552771,0.6686344500012995,0.7029061167506085,0.7898928287096577,0.6757736601350528,0.853318714443768
141,0.6835844855757665,0.6712216417142364,0.7054499618531467,0.7925024190091249,0.6783576421321809,0.854999290709503
142,0.6861847112610746,0.6737766912025649,0.707877616648725,0.7951120093085922,0.6809307453773682,0.8565213123879749
143,0.6887589853523164,0.6763112620300016,0.7102908382369182,0.7977215996080593,0.6834876295189113,0.8580433340664468
144,0.6913253636345218,0.6788478937175959,0.7128025553229581,0.8003311899075265,0.6860336462709089,0.8595653557449189
145,0.6938888474144274,0.6814816680465857,0.715301422013858,0.8034120724386109,0.6885716437435327,0.8610469013174208
146,0.6964571991970345,0.6840333352843979,0.7178026772481588,0.8066981765626181,0.6910991000962401,0.8624960660051466
147,0.698989122258155,0.6864989389327317,0.7203139076700045,0.8096566650735031,0.693605234464703,0.8638402210408687
148,0.7014930679573843,0.6890169357974146,0.7228031836971383,0.812505948380014,0.6960985088020617,0.8650047217892299
149,0.7040079236709178,0.6915394775794014,0.7252697272936336,0.8153552316865248,0.6985839959359695,0.866273697330009
150,0.7065097841753889,0.6940177678050565,0.7277210498174387,0.8182045149930357,0.7010560143751983,0.8684017902284058
151,0.7089994181347505,0.6965048285813222,0.7300940832397977,0.8210537982995466,0.7035179550292469,0.8699856741964731
152,0.7114504114161027,0.6990820211696158,0.7324270888686596,0.8239030816060574,0.7059728005490051,0.8717117386606648
153,0.7138486187885589,0.7016223102329027,0.7347246317914307,0.8260680927748169,0.7084201129404453,0.8733142598392467
154,0.7162555611509843,0.704118270720753,0.7370090322569786,0.8284526855128529,0.7108595245146853,0.8749167810178287
155,0.7186477678037615,0.706539393424763,0.7392830456123262,0.8316262947259825,0.7132798496174599,0.8765229279382896
156,0.7210381963828425,0.70897346045436,0.7415436448002438,0.8347999039391122,0.7156846170173403,0.8783023603265745
157,0.7234135995487935,0.7114185288206321,0.743791054922211,0.837172216298678,0.7180854629333406,0.8797861807459264
158,0.7258077728987175,0.7139068972701674,0.7460180419534774,0.8395445286582438,0.7204763500906093,0.8813257791831377
159,0.7281901869104628,0.7163892105774109,0.7481954373110781,0.8419168410178096,0.722851951092425,0.8827001425976375
160,0.7304985852066438,0.7188576164758465,0.7503600872057775,0.8442891533773754,0.7252106623222389,0.8842258499703742
161,0.7327838466435903,0.7213053487688962,0.7525193371547099,0.8466614657369413,0.7275626290190216,0.8859849867915857
162,0.7350619368974909,0.7237486187251216,0.754663654864451,0.8490337780965072,0.7299041615184938,0.8874278125140325
163,0.7374103176667743,0.7261872295772439,0.756804536578393,0.851406090456073,0.7322385311932402,0.8888324894423467
164,0.7397207418988743,0.7285973113249611,0.7589871392984172,0.8537784028156388,0.7345624811021605,0.8903886735776831
165,0.742040406041417,0.7309563856468674,0.7612766760253252,0.8561507151752046,0.736872698773547,0.8919448577130196
166,0.7443855781366657,0.7333022634414625,0.7633988788461935,0.8585230275347704,0.7391712832646868,0.8934548828047063
167,0.7466502838265237,0.7356409058964459,0.7656768755493644,0.8608953398943362,0.7414580866006024,0.8949667587136124
168,0.7488184994093748,0.7379661325442665,0.7678833553874279,0.8627947755638593,0.7437174935218118,0.8962097186928386
169,0.7509689958621367,0.7402613987981622,0.7699538927039726,0.8644131890352327,0.7459451232350449,0.8973010661047052
170,0.7531524024681642,0.7425321041398396,0.7720161535388322,0.866031602506606,0.7481639269285502,0.898428272312601
171,0.7553655045921361,0.7447916307461596,0.7740896629030269,0.8676500159779794,0.7503653484602593,0.899425966297265
172,0.7575621386121335,0.7470378352101192,0.7760722838234007,0.8695233467924339,0.7525409905494845,0.900423660281929
173,0.7597100540838537,0.7493051978088476,0.7780463807159936,0.8717368941310504,0.7547203525544859,0.901421354266593
174,0.7618466009795759,0.751550178807501,0.7800126120980001,0.8739071386502151,0.756932901972584,0.9024165905882569
175,0.7639759539125017,0.753710691729305,0.7819709084270146,0.8760557317596539,0.7591384626643054,0.903643550466942
176,0.7660967542942245,0.7558552901355735,0.7839252191656829,0.8782043248690928,0.7613406265225023,0.9050468815187949
177,0.7682631051578833,0.7579975590214411,0.7859216763169812,0.8802207352669058,0.7635627753202154,0.9064502125706478
178,0.7704226578843294,0.7601414048864544,0.7878307340020186,0.8816084187404122,0.7657691732613863,0.907673139482001
179,0.7725699628217024,0.7622798251989292,0.7897401734707963,0.8829961022139186,0.7679614992725983,0.9088039692349716
180,0.7746576224091803,0.764407530342572,0.791645368693176,0.884383785687425,0.7701397138314933,0.909934798987942
181,0.776734498609158,0.7665268460270089,0.7935276774833376,0.8857714691609314,0.772306113617371,0.9110656287409126
182,0.7788369839683207,0.7686388126678585,0.7954295917016421,0.8871591526344378,0.774452968015081,0.9121884852425789
183,0.7809279828860691,0.770736497397404,0.7974075917242469,0.8885468361079442,0.7765798905653201,0.9135579072707509
184,0.7830110525177483,0.7728255538118889,0.7993738776546788,0.8899345195814505,0.7786972495261761,0.914927329298923
185,0.7850881142943531,0.7749113487218078,0.8012677835387925,0.8911765583683019,0.78080209166823,0.916296751327095
186,0.7871591204857666,0.7769881258410952,0.8031138911100711,0.8925802336759595,0.7828951086165417,0.917491810135646
187,0.7892187048041368,0.7791096034308362,0.8049558530261611,0.8938656979467081,0.7849793488992598,0.9184710604037745
188,0.7912408666316945,0.781197432948342,0.8067879788953226,0.8951511622174566,0.7870527786340409,0.9193778132919515
189,0.7932553737856147,0.7832427066798191,0.8086101602191187,0.8965671457576657,0.7891090390671573,0.9204053770115109
190,0.7952627524225838,0.785333399981883,0.8104274811582072,0.8980964808559885,0.7911588319247569,0.9214358907963285
191,0.7972620738720047,0.7874225807747742,0.8122418222699666,0.8996258159543112,0.7932053126925259,0.9224160325103584
192,0.7992843277202837,0.7894051470166754,0.8140081403372886,0.9011341219255972,0.7952391425027829,0.9233925442252398
193,0.8012823704890024,0.7913525607224741,0.8157696628253575,0.9025170162698312,0.7972555238752908,0.9242580618515144
194,0.8032204778380165,0.7933235451223345,0.8175184438190553,0.9040710059742316,0.799261182713562,0.9250896011963727
195,0.8050930468956625,0.7953265237802013,0.8192762328221381,0.9052117861390147,0.8012550028363137,0.9259211405412312
196,0.807035690991712,0.7973265821834397,0.8211024799696617,0.9065585871581417,0.8032347120530944,0.9267526798860897
197,0.8089549316081966,0.7992461389742336,0.8229515295562964,0.9082814487514226,0.8051940880669054,0.927584219230948
198,0.8108324085519197,0.8011352037796499,0.8248059334972376,0.9100536539178836,0.8071480743576754,0.9284154250466639
199,0.8127364149696712,0.8030205100076144,0.826674231368996,0.9115049738470646,0.8090907511335911,0.9292396946903905
200,0.8146226260208798,0.8049725568718575,0.8284587099858894,0.9126361624983709,0.811021140091854,0.9300338094244237
201,0.8164758803667691,0.8069290222645316,0.8302557931232787,0.9137673511496771,0.8129440134156347,0.9308279241584569
202,0.818295182589718,0.8088488068642878,0.8320643140905143,0.914870747284045,0.8148624880739872,0.9317818651860634
203,0.8201361079109839,0.8107522867822318,0.8338622090012134,0.9159861942920317,0.816776886337844,0.9327309179812923
204,0.8219788738272162,0.8126498404980427,0.8356506620265699,0.9171609171035958,0.8186774785572191,0.9335075298787396
205,0.8238101042976497,0.8145386610332459,0.8373409052582064,0.918292105754902,0.8205619302513514,0.9342853583738084
206,0.8256062468246441,0.8164032277121409,0.8390671950799009,0.9194232944062083,0.8224302346454071,0.9350706896016049
207,0.8273534341986368,0.8182217044577984,0.8407873995883943,0.9204378494838169,0.8242804363135072,0.9358560208294013
208,0.8291326656360624,0.8200398356151767,0.8424451160707869,0.9213577479739523,0.8261158202157355,0.9366413520571979
209,0.8309204236352394,0.8218841577507745,0.8440767373584759,0.922321821644989,0.8279401768465522,0.9374138318146414
210,0.8326787862265834,0.8237078574733614,0.8456959211718474,0.9232858953160258,0.8297474083410351,0.9381723249488225
211,0.8344824000746589,0.8255154931886316,0.8473088938785808,0.9242499689870625,0.8315481920087406,0.9389183108867449
212,0.8363238975583862,0.8273125828292097,0.84895363417866,0.9252140426580993,0.833341513237897,0.9396106945549869
213,0.8382008217014678,0.8290663631746081,0.850590445595253,0.9261781163291359,0.8351269393495351,0.9405613636181449
214,0.8399258560311397,0.8307966549710742,0.8522092434551695,0.9271371651191603,0.8369059970551681,0.9413223313931443
215,0.8416807234225652,0.8325267034614894,0.8538297017849874,0.9280929163310203,0.8386806956486927,0.9420832991681438
216,0.843423281008226,0.834286918805118,0.8554439735083772,0.9290486675428803,0.8404502759997488,0.9428442669431432
217,0.8451216083185549,0.8361005334415619,0.8570484723709212,0.9300044187547403,0.8422093145395262,0.9437668210569612
218,0.8467981936956865,0.8379068178312176,0.8586445512253634,0.9309601699666002,0.8439510931061771,0.9450239389544546
219,0.8484653825909864,0.8396720055443722,0.8602325491101747,0.9321034213669503,0.8456807175658735,0.9458835779166102
220,0.8501702650915464,0.8413802328455308,0.8618129781584428,0.9333495163855225,0.8474171503601422,0.9467432168787657
221,0.8518694100633175,0.8431121739137388,0.863383723653158,0.9345956114040949,0.849179287747127,0.9476028558409213
222,0.8535505472679376,0.8448295244280499,0.8649296818256486,0.9358417064226671,0.8509277574140186,0.9484624948030769
223,0.8552199151789865,0.8465296278560714,0.866471843426377,0.9366700813051754,0.8526611463700633,0.9493202634606535
224,0.8568040854379226,0.8482142229605079,0.8680104427182038,0.9373045919267667,0.8543875188565472,0.9501194652139708
225,0.8583861430623634,0.8499012983850837,0.8695507397352805,0.9379391025483582,0.8561108837257487,0.950779029681176
226,0.8599842235281321,0.8515797511028701,0.87106978359178,0.9385736131699497,0.8578216384110112,0.9514385941483812
227,0.8615704271021012,0.8532400345780662,0.8725537012381153,0.9393156689408726,0.8595216674131829,0.9521649798508561
228,0.8631365689991166,0.8548964510958831,0.8740788804808586,0.94020812147906,0.8612138329913427,0.9530072988179059
229,0.8647041021610213,0.8565622239240684,0.8756204422713934,0.9410020806147942,0.8628990266164127,0.9536807197506729
230,0.8662479244009949,0.8582110143333131,0.8771557853029843,0.9418682821659121,0.8645769782494848,0.9543482276347202
231,0.8677783189834852,0.859830034056435,0.8786266557187404,0.9427344837170301,0.866241073697219,0.9550157355187674
232,0.8693283778750371,0.8614138125331021,0.8800822471466103,0.9438874795311514,0.8678950163647288,0.9556832434028146
233,0.8708876248296715,0.8630341557220016,0.8815667993588165,0.94478665639991,0.8695455496808236,0.9563555026362275
234,0.8724197062888033,0.8646141871078783,0.8830337461365914,0.9454812876028559,0.8711907817184542,0.9570672558950748
235,0.8739077784281656,0.8662058879520703,0.8844937935941282,0.9462643890655427,0.87282849700357,0.9577790091539221
236,0.8753908272914134,0.8677984001861161,0.8859288466724649,0.9471625502230767,0.8744426834215915,0.9584907624127694
237,0.8768692391777819,0.8694727550247471,0.8873579554863379,0.9480607113806108,0.876050075790592,0.9592025156716167
238,0.8783648300925836,0.8710888894783064,0.888751888643446,0.9490591624839302,0.8776388255112262,0.959914268930464
239,0.8798328341701149,0.872608095856666,0.8900970962372197,0.949857033695679,0.8792204542011,0.960619660647748
240,0.8812584625476685,0.8741077384266543,0.8914317011827381,0.950755194853213,0.8807959914072645,0.9612005849576635
241,0.882692779804764,0.8756212669379709,0.8927630308909951,0.951617922551702,0.8823671303454763,0.9617815092675789
242,0.8841260494778684,0.8771272453528052,0.8941098995349699,0.952480650250191,0.8839314408115198,0.9623624335774943
243,0.8855631162314397,0.8786248477116901,0.89545031208742,0.95334337794868,0.8854823025042737,0.9629428370224267
244,0.8870024884634473,0.8801121821894932,0.8967934322494894,0.954206105647169,0.8870219336767349,0.9635206940163303
245,0.8884404658138969,0.8815923166754785,0.8981197865637247,0.9550081074516752,0.8885554269573557,0.9640985510102342
246,0.8898796165117945,0.8830744796646096,0.8993930249185442,0.9555912445765612,0.8900793403375487,0.9646581589587976
247,0.8913330959824199,0.8845543803330134,0.9007111136991659,0.9561942359439173,0.8914909749188904,0.9651949556006856
248,0.8927760808971437,0.8860361759290442,0.9019733530386389,0.9569457002894193,0.8928921322112537,0.9657317522425735
249,0.8942123957870076,0.8875241401580635,0.9032346697461714,0.9576971646349213,0.8942843237341924,0.9662685488844613
250,0.8956434841052592,0.8889973915339925,0.9044923613366724,0.9583188162494402,0.8956587963255025,0.9668053455263492
251,0.8970609633042915,0.8904654302046375,0.905757193145518,0.9589133686914746,0.8970218167961455,0.9673420177393801
252,0.898456858020455,0.8919242918440701,0.9070146449006886,0.9593903212013271,0.8983824277157784,0.9678786610154675
253,0.8997923729694421,0.8933608445628514,0.9082869880092965,0.9598672737111795,0.8997381757051628,0.9684153042915549
254,0.9011895841034581,0.8947859362853208,0.9095472534858586,0.960344226221032,0.9010788296298797,0.9689519475676422
255,0.9025637455168587,0.8961838611067394,0.9108423451160896,0.9608211787308846,0.9024152171393475,0.9694885908437296
256,0.9038949938142802,0.897544252819345,0.9121204740973747,0.961374279832483,0.903823125109124,0.9700252341198169
257,0.9052164889533278,0.8989260104749963,0.9134040016944959,0.9620424068551939,0.9052209695582343,0.9705618773959043
258,0.906530819450343,0.9002864943789868,0.9146064961923095,0.9626959114741588,0.9066086451256405,0.971083033619827
259,0.9077856098802664,0.9016139981582845,0.9157935921195011,0.963299615930678,0.9079925832758113,0.9715854763223841
260,0.9090613216145518,0.9029770198598103,0.917000735973631,0.9638195714525362,0.9093596300966029,0.9720879190249412
261,0.9102792357246161,0.9043148555873826,0.918209603234988,0.9643395269743943,0.9107149541375542,0.9725830543767159
262,0.9114902687405324,0.9056498679868459,0.9194139172049925,0.9648594824962523,0.9120529814325768,0.9730781897284906
263,0.9126965751455396,0.9069768149960186,0.9205958039960151,0.9653794380181104,0.9133793111832084,0.9735733250802652
264,0.9139906936939806,0.9082928635903008,0.9217569992852732,0.9658652606890588,0.9146938570165939,0.9740684604320398
265,0.9152752113404047,0.9096016664877595,0.9228828008964017,0.9663150542396023,0.915962581214651,0.9745626698016223
266,0.9165485248226315,0.9108937391208785,0.9240063254027003,0.9667648477901458,0.9172143912324237,0.9750479897421596
267,0.9177747187569701,0.9122206769215979,0.9251271995983897,0.9672146413406892,0.9184520784884653,0.975492266698418
268,0.9190159678784189,0.9135449572391624,0.9262468193310831,0.9676644348912328,0.9196818102198148,0.9758979519201201
269,0.9202243532044725,0.9148606158630168,0.9273527007424889,0.9681142284417763,0.9209043765331133,0.9763036371418221
270,0.9214234452400487,0.9161556562300036,0.928461039870076,0.9685640219923198,0.9221193021014682,0.9767093223635241
271,0.9226156536870733,0.9174232250601551,0.9295575645642524,0.9690138155428634,0.9233269977299188,0.9771150075852262
272,0.9237990981873735,0.9186504586554366,0.9306007812574281,0.9694636090934069,0.9245143752524236,0.9775192595772901
273,0.924970789180078,0.9199939551345003,0.9316656780021413,0.9699134026439504,0.9256886769207224,0.9779225459691483
274,0.9261135840755882,0.9212667165208261,0.9327483814362377,0.9704106194813843,0.9268534426725532,0.9783257108258436
275,0.9272412679393263,0.9224926963226809,0.9337996834146237,0.9709237356440715,0.9280132174673665,0.9787288756825392
276,0.9283781981694885,0.9236950235620738,0.934846349827577,0.9714322861436872,0.9291621310897681,0.9791320405392345
277,0.9295134914774293,0.9249185734060776,0.9358920119316496,0.9719361864309148,0.9302166360678792,0.9795349963832745
278,0.9306272393423518,0.9260780392576337,0.9369213763195253,0.9724400867181425,0.9312648693953117,0.979910171117587
279,0.9317668742349886,0.9272130773983491,0.9379384769416798,0.9729439870053702,0.9323033036167054,0.9802645712901661
280,0.9328877550267454,0.928338867131639,0.9389713938662182,0.9734268863334268,0.9333363066444278,0.9806079854818145
281,0.9339705481104872,0.9294530582218813,0.9400017302872385,0.973907895575158,0.9343594551909187,0.9809513996734629
282,0.935024736262275,0.9305555148581865,0.941021271965081,0.9743889048168891,0.9353765983291632,0.9812948138651113
283,0.9360734971711377,0.9316517884950118,0.9420221195979712,0.9748337480622675,0.9363862615855253,0.9816273120866605
284,0.9371169073727409,0.9327411138469154,0.9429737195135565,0.9752621756043163,0.9373894893788305,0.9819987209952293
285,0.9381694197879411,0.9338198654492847,0.9438945098660108,0.975690603146365,0.9383758059551579,0.9823971608745486
286,0.9392238230063674,0.9349135521451358,0.9448189077399143,0.9761190306884138,0.9393522936605101,0.982768626165033
287,0.9402732381922108,0.9360049525447417,0.9457918990598407,0.9765064835851024,0.9403247265633632,0.983097703884208
288,0.9413337204422418,0.9370911195261973,0.9467572058121689,0.9768864640648882,0.9413563894491476,0.9834148146756199
289,0.942393664142107,0.938205308158558,0.9477200249087343,0.9772664445446742,0.9424175547978353,0.9837284991524278
290,0.9434427840456013,0.9393149394934851,0.9486665222821477,0.9776566021020071,0.943468514376963,0.9840409743417287
291,0.9444509833494271,0.9404182321558401,0.9495739829191288,0.9781872628967542,0.9445099599633582,0.9843534495310295
292,0.9454160953369545,0.9415333844127824,0.9504809406265265,0.9786678786354888,0.9455438998182056,0.9846659247203302
293,0.946385925019877,0.9426389302928081,0.9513884523992706,0.9790850418170292,0.9465701346252053,0.9849747421936865
294,0.9473418931216746,0.9436606778704709,0.9522928766372102,0.9794959045935394,0.9475869869736822,0.9852678984391887
295,0.9483403132586135,0.9446996944109189,0.9532098482132688,0.9799067673700496,0.9485854516924438,0.9855463192924734
296,0.9493197865817566,0.9457269643781777,0.9541224791988216,0.9803176301465598,0.9495628160888633,0.985824740145758
297,0.9502905369451722,0.9467425620555927,0.95503029133202,0.9807284929230701,0.9505335211840551,0.9861031609990427
298,0.9512410526547925,0.947739870890611,0.9558916113718243,0.981161217788433,0.9515000986410428,0.9863815818523274
299,0.9521732642315979,0.9487303309950963,0.9567320112619557,0.9815530142095076,0.9524566394312837,0.986660002705612
300,0.9530765686468867,0.9497030878271078,0.9575617195583015,0.9819079573829148,0.9534047978472111,0.9869296151684122
301,0.9539719643788025,0.9506607732871923,0.9584006114562429,0.9822985824947829,0.9543425507766043,0.9871877767235822
302,0.9548993346079598,0.9516098254919564,0.9592188528859851,0.9826892076066508,0.9552726983845052,0.9874459382787524
303,0.9558218849919675,0.952577563981609,0.9600076560026812,0.9830751235295716,0.9561926071327426,0.9877054654477857
304,0.9567256271377123,0.9535318057945037,0.9608265963654016,0.9834703706458787,0.957106478502572,0.9879685961339246
305,0.9575960459939303,0.9544560268433091,0.9616287982887181,0.9838025460522413,0.958014742789254,0.9882245953256813
306,0.9585104266575868,0.9553520386446771,0.9624304485807668,0.984122836133052,0.9589158917141734,0.9884635932549792
307,0.9593804101717833,0.9562334811062609,0.9631933807615847,0.984479095399301,0.9598076909468738,0.9887010982367372
308,0.9602386883603216,0.9571194755519782,0.9639506533754044,0.984828338305403,0.9606902348720171,0.9889386032184954
309,0.9610946189392588,0.9580191375894467,0.9647084380527615,0.9851703859527373,0.9615638455368626,0.9891761082002535
310,0.9618919391518166,0.9588666341803678,0.9654876861957375,0.9854210492073475,0.9624172818565191,0.9894063804234733
311,0.9627163287070173,0.9597452879807375,0.966318326854428,0.9856717124619577,0.9632453169443949,0.9896182638923989
312,0.963548083818056,0.9606439175441243,0.9670687547918548,0.985922375716568,0.9640605763046938,0.9898232798026416
313,0.9643461579732819,0.9615217898891668,0.9678182002959433,0.9861730389711783,0.9648686621763266,0.9900521526423851
314,0.965138749550869,0.9623753368725887,0.9685427803128754,0.9864237022257886,0.9656612302586345,0.9902819284826908
315,0.9659122064802501,0.9632152052807159,0.9692686737469312,0.9866743654803988,0.966444605200842,0.9905117043229965
316,0.9666852674765394,0.9640072827769491,0.9699919384077325,0.986925028735009,0.9672183818675193,0.9907664336367834
317,0.967469980877016,0.964808895060838,0.9706800650238291,0.9871756919896193,0.9679862925185044,0.991030482687871
318,0.9682588413228772,0.9656645637777789,0.9714215977089322,0.9874263552442295,0.9687417642061111,0.9912614576844093
319,0.9690385676731391,0.9664621508296598,0.9721350435683014,0.9876770184988397,0.9694890126256483,0.9914853112518793
320,0.9697894050338338,0.9672612285800655,0.9728172665337582,0.9880023457702065,0.9702269789746878,0.9916778711663519
321,0.9705374202066211,0.9680510503245494,0.9734795176408927,0.9884402460448162,0.9709565669765421,0.9918591742776798
322,0.9712677642699825,0.9688644319274309,0.9741197858304367,0.9889030305440434,0.9716733998828047,0.9920970188257217
323,0.9719821383817023,0.9696572029887269,0.9747459445615725,0.9893259422436962,0.9723826681667231,0.9922787189430721
324,0.9726828856063682,0.9704100691915668,0.9753404485697448,0.9895829896812742,0.9730862691277569,0.9924878586427692
325,0.9734085804343946,0.9711348224896225,0.9759493254747535,0.9898281561426807,0.9737815239627925,0.9926729984752332
326,0.9740943778340301,0.9718705815359865,0.9765791446695231,0.9900706677442687,0.9744601873382782,0.9928533929931247
327,0.97474507502492,0.9725800672404925,0.9771956600425508,0.9903131793458565,0.9751310190904334,0.993033787511016
328,0.9753950569185109,0.9732922095123597,0.9778167760392094,0.9905556909474444,0.9757944471956403,0.9932141820289075
329,0.9760471512813096,0.9740099427741896,0.9784356383950555,0.9907715095153046,0.9764523776042991,0.9933991921419771
330,0.976733267712879,0.9747216619918423,0.9790388069532509,0.9909854037075815,0.977099293014658,0.9935916195359871
331,0.977393888999089,0.9754017566261739,0.9796153973249769,0.9911992978998584,0.9777309608675439,0.9937840469299972
332,0.978029954286957,0.9760846559278373,0.9801917495069354,0.9914131920921353,0.9783521550654244,0.9939443691339875
333,0.9786629601012018,0.97675053355657,0.9807460115813416,0.9916805598003898,0.9789639835668205,0.9940998057655837
334,0.9792985131174519,0.9774092450346399,0.9813036214668808,0.9919054334366196,0.9795656647408693,0.9942580229548081
335,0.9799212046178378,0.9780526703619283,0.9818674108224966,0.9920886985330095,0.9801607836337731,0.9944439157721507
336,0.9805495472681547,0.9787109287376529,0.9824092085309389,0.9922719636293993,0.980749948809174,0.9946484093257645
337,0.9811405446648418,0.9793351006529539,0.982915190807261,0.9924826630535197,0.9813334824973705,0.9948157792801386
338,0.9817199009192135,0.9799487042365099,0.98342331451969,0.9926965572457966,0.9819040464015749,0.9949553038551688
339,0.9822990861602019,0.9805701715469997,0.9839373590535787,0.9929104514380735,0.9824645685560139,0.9950848166846882
340,0.9828669361415594,0.9811782565714695,0.9844461658722798,0.993076717784484,0.983017530282928,0.9952143295142073
341,0.9834392540702138,0.9817753020097617,0.9849540868490028,0.993412946933797,0.9835595396583254,0.995369736288469
342,0.983988890255721,0.9823660209309171,0.9854553702016995,0.9935727318128187,0.9840932768295709,0.9955244685690973
343,0.9845391047119693,0.9829549635196015,0.9859176193588254,0.9937267331618228,0.9846242380761423,0.9956720843987119
344,0.9850654728012248,0.9835063675299728,0.9864023974690164,0.9938807345108268,0.9851510375240097,0.995841355346645
345,0.9855970668500686,0.9840371015146682,0.9868759439490966,0.9940347358598309,0.9856742414145377,0.9960075196673086
346,0.986119763756548,0.9845858946978749,0.9873421483176746,0.9941887372088349,0.9861909879714466,0.9961761846892412
347,0.9866150201049033,0.9851015832372001,0.9877935463712003,0.9943443462363226,0.9866967048769361,0.9963145637077385
348,0.9871176434669006,0.9856145414316988,0.9882346237464423,0.9946134352941597,0.9871891347994741,0.9964468339356345
349,0.9876112183488102,0.9861284037621358,0.9886664097060991,0.99489778582146,0.9876737478954369,0.9965605276719409
350,0.9880675143968852,0.9866546447165565,0.9890931353742263,0.9951146254531277,0.9881449460248262,0.9966691550923592
351,0.9884944158765323,0.9871697622419933,0.9895194574965475,0.9952909585474159,0.9886114923672856,0.9967777825127775
352,0.9889334996864767,0.9876886734067878,0.9899365111742576,0.995467291641704,0.9890647933712854,0.996915881422829
353,0.9893824080931654,0.9881912779755202,0.9903513612898407,0.9956436247359921,0.9895052428028386,0.9970579186806534
354,0.989811974188113,0.9886599704602458,0.9907546862030739,0.9958199578302803,0.9899325835487001,0.9971834149997871
355,0.9902439023129013,0.989101878877679,0.991151367130809,0.9959962909245684,0.9903485345202697,0.9972959117394873
356,0.9906537088762734,0.9895616866581515,0.9915291079390167,0.9961726240188565,0.9907605764015429,0.9973946602176403
357,0.9910537583943488,0.9900132079838121,0.9918921223646444,0.9963489571131448,0.9911603234460682,0.9975032243606805
358,0.9914369768272497,0.9904644745554053,0.9922393713644073,0.9965161695301421,0.9915482907863451,0.9976206732421102
359,0.9918200234593676,0.9908833984145766,0.992611227552209,0.9966742612698487,0.9919314776185628,0.9977244994484241
360,0.992195866778124,0.9912872592046806,0.9929624178580436,0.9968246312541661,0.9923089252580595,0.9978228971003855
361,0.9925603174141151,0.9917071447553362,0.9932890374639434,0.9969633439632745,0.9926791177951734,0.9979109156322272
362,0.9929293495042213,0.9921249135262111,0.9936125043907048,0.9971082419191116,0.993044894133706,0.9979989256253016
363,0.9932995536621938,0.9925400784048679,0.9939366540577735,0.9973066282286751,0.9934018316166754,0.9980901994546318
364,0.9936469803404564,0.992928964603288,0.9942649238265499,0.9974647199683817,0.9937482570958431,0.9981842498374467
365,0.9939876805483394,0.9933157463902077,0.9945914738195194,0.9976228117080883,0.994084372071514,0.9982689220689094
366,0.9943091828246796,0.9937021645869986,0.9948929547850797,0.9977639289783979,0.9944150619331146,0.9983566114186972
367,0.9946331184446361,0.994056326379098,0.9951960678504219,0.9978670265152546,0.9947347992547149,0.9984479254640604
368,0.9949483520229478,0.9943990259174116,0.9954908362219363,0.9979705599273154,0.9950500933004454,0.998538631408447
369,0.9952502836176307,0.9947300099084371,0.9957741733666411,0.9981152176377054,0.9953580450446053,0.9986278786730559
370,0.9955574257916656,0.995064731442513,0.9960482890747329,0.9982498674374197,0.9956604701944722,0.9987050891013223
371,0.9958489833769817,0.9953968235570229,0.9963195018167802,0.9983433508755261,0.9959561128141885,0.9987865146969703
372,0.9961427140214438,0.9957188984217198,0.9965861627394543,0.9984368343136324,0.9962438825894504,0.9988649851668798
373,0.9964216633852114,0.99603970038314,0.9968389247566518,0.9985455574825904,0.9965243192813114,0.9989394865421295
374,0.9966941410507103,0.9963476077849025,0.9970692397208668,0.9986574134532271,0.9967951115080065,0.9990149299456075
375,0.9969550247625311,0.9966427217762748,0.9972934738672167,0.9987566083306768,0.997055964342972,0.9990877632475127
376,0.9972130069477778,0.9969288134508029,0.9975271119387162,0.9988395011086317,0.9972984869997543,0.999156295998301
377,0.99746209595112,0.9971985753048602,0.9977471005791098,0.9989223938865865,0.9975482359019217,0.9992283039967252
378,0.997706373879761,0.9974605270177922,0.9979630034617981,0.9990195134530002,0.997803850604351,0.999304245218585
379,0.9979373788070929,0.9977151062970651,0.9981735328284619,0.9991152985877231,0.9980501774607757,0.9993712101640344
380,0.9981610220578763,0.997961003016272,0.9983762448317633,0.999199561287393,0.9982909119552741,0.999432040378446
381,0.9983823829189455,0.9982051295703116,0.9985667542232242,0.9992838239870627,0.998503588001173,0.9994895734584994
382,0.9985855392210896,0.9984383824050551,0.9987543660357433,0.9993737404879292,0.9987133792740269,0.9995471267919829
383,0.9987873171655921,0.9986572704381951,0.9989361871455641,0.9994628057936014,0.9989134862030866,0.9996042701546696
384,0.998987184206341,0.998879205541814,0.9991130037337623,0.9995395478230868,0.9990900854322669,0.9996608029897167
385,0.99917771005492,0.9990924278905399,0.9992806042785158,0.9996162898525724,0.9992577525118669,0.999717335824764
386,0.9993608573377311,0.9992917076062268,0.9994405013029337,0.9996930318820579,0.9994208368035475,0.9997738686598112
387,0.9995365009342416,0.9994859736823601,0.9995926869546257,0.9997697739115434,0.9995748109969168,0.9998304014948584
388,0.99970162036282,0.9996698967287211,0.9997362678621875,0.9998465159410289,0.9997266994874922,0.9998869343299055
389,0.9998578914414733,0.9998419290762055,0.9998727525821902,0.9999232579705145,0.9998670058074361,0.9999434671649527
390,1.0,1.0,1.0,1.0,1.0,1.0
