reconstructed_fraction,recorded_pool_fraction,kappa,n_free_params,n_in_loss,seed,evaluation,group,cell_type,n_cells,metric,value,ceiling_value
0.1,1.0,0.1001520850476647,13173,489,44,held_out,observed,all,489,activity_r2,0.9710824876069579,1.0
0.1,1.0,0.1001520850476647,13173,489,44,held_out,observed,all,489,fluctuation_r2,0.7095776796340942,1.0
0.1,1.0,0.1001520850476647,13173,489,44,held_out,heldout,all,0,activity_r2,,
0.1,1.0,0.1001520850476647,13173,489,44,held_out,heldout,all,0,fluctuation_r2,,
0.1,0.5,0.1001520850476647,13173,219,44,held_out,observed,all,219,activity_r2,0.9442171256662224,1.0
0.1,0.5,0.1001520850476647,13173,219,44,held_out,observed,all,219,fluctuation_r2,0.5700948238372803,1.0
0.1,0.5,0.1001520850476647,13173,219,44,held_out,heldout,all,270,activity_r2,-0.18436164689777712,1.0
0.1,0.5,0.1001520850476647,13173,219,44,held_out,heldout,all,270,fluctuation_r2,-0.19123589992523193,1.0
0.1,0.5,0.1001520850476647,13173,219,44,perturbation,observed,excitatory,180,delta_activity_r2,0.10510047539257639,1.0
0.1,0.5,0.1001520850476647,13173,219,44,perturbation,observed,excitatory,180,delta_fluctuation_r2,0.07250022888183594,1.0
0.1,0.5,0.1001520850476647,13173,219,44,perturbation,observed,inhibitory,39,delta_activity_r2,-0.5740618365897852,1.0
0.1,0.5,0.1001520850476647,13173,219,44,perturbation,observed,inhibitory,39,delta_fluctuation_r2,-0.07355976104736328,1.0
0.1,0.5,0.1001520850476647,13173,219,44,perturbation,heldout,excitatory,223,delta_activity_r2,0.15298488034639313,1.0
0.1,0.5,0.1001520850476647,13173,219,44,perturbation,heldout,excitatory,223,delta_fluctuation_r2,0.09557998180389404,1.0
0.1,0.5,0.1001520850476647,13173,219,44,perturbation,heldout,inhibitory,35,delta_activity_r2,-1.0017320679365507,1.0
0.1,0.5,0.1001520850476647,13173,219,44,perturbation,heldout,inhibitory,35,delta_fluctuation_r2,-0.7490564584732056,1.0
0.1,0.5,0.1001520850476647,13173,219,44,perturbation,targeted,inhibitory,12,delta_activity_r2,-2.130283015800938,1.0
0.1,0.5,0.1001520850476647,13173,219,44,perturbation,targeted,inhibitory,12,delta_fluctuation_r2,-0.860458493232727,1.0
0.2,0.5,0.18918378261472185,13340,479,44,held_out,observed,all,479,activity_r2,0.9180892669540468,1.0
0.2,0.5,0.18918378261472185,13340,479,44,held_out,observed,all,479,fluctuation_r2,0.5523266792297363,1.0
0.2,0.5,0.18918378261472185,13340,479,44,held_out,heldout,all,499,activity_r2,-0.21979383485641701,1.0
0.2,0.5,0.18918378261472185,13340,479,44,held_out,heldout,all,499,fluctuation_r2,-0.19626212120056152,1.0
0.2,0.5,0.18918378261472185,13340,479,44,perturbation,observed,excitatory,391,delta_activity_r2,0.008426401742790968,1.0
0.2,0.5,0.18918378261472185,13340,479,44,perturbation,observed,excitatory,391,delta_fluctuation_r2,0.037976086139678955,1.0
0.2,0.5,0.18918378261472185,13340,479,44,perturbation,observed,inhibitory,88,delta_activity_r2,0.06814724198968558,1.0
0.2,0.5,0.18918378261472185,13340,479,44,perturbation,observed,inhibitory,88,delta_fluctuation_r2,0.04672139883041382,1.0
0.2,0.5,0.18918378261472185,13340,479,44,perturbation,heldout,excitatory,404,delta_activity_r2,0.08332146577714816,1.0
0.2,0.5,0.18918378261472185,13340,479,44,perturbation,heldout,excitatory,404,delta_fluctuation_r2,0.01786857843399048,1.0
0.2,0.5,0.18918378261472185,13340,479,44,perturbation,heldout,inhibitory,71,delta_activity_r2,-0.24397005425493679,1.0
0.2,0.5,0.18918378261472185,13340,479,44,perturbation,heldout,inhibitory,71,delta_fluctuation_r2,-0.19620203971862793,1.0
0.2,0.5,0.18918378261472185,13340,479,44,perturbation,targeted,inhibitory,24,delta_activity_r2,-1.9826558472617504,1.0
0.2,0.5,0.18918378261472185,13340,479,44,perturbation,targeted,inhibitory,24,delta_fluctuation_r2,-0.7737404108047485,1.0
0.3,0.5,0.29199718316707773,13552,732,44,held_out,observed,all,732,activity_r2,0.916178375344086,1.0
0.3,0.5,0.29199718316707773,13552,732,44,held_out,observed,all,732,fluctuation_r2,0.5653098225593567,1.0
0.3,0.5,0.29199718316707773,13552,732,44,held_out,heldout,all,750,activity_r2,0.023139326114426595,1.0
0.3,0.5,0.29199718316707773,13552,732,44,held_out,heldout,all,750,fluctuation_r2,0.010517597198486328,1.0
0.3,0.5,0.29199718316707773,13552,732,44,perturbation,observed,excitatory,590,delta_activity_r2,0.42521688527209944,1.0
0.3,0.5,0.29199718316707773,13552,732,44,perturbation,observed,excitatory,590,delta_fluctuation_r2,0.17970335483551025,1.0
0.3,0.5,0.29199718316707773,13552,732,44,perturbation,observed,inhibitory,142,delta_activity_r2,-0.0029337848106705255,1.0
0.3,0.5,0.29199718316707773,13552,732,44,perturbation,observed,inhibitory,142,delta_fluctuation_r2,0.01436394453048706,1.0
0.3,0.5,0.29199718316707773,13552,732,44,perturbation,heldout,excitatory,605,delta_activity_r2,0.3416026359126715,1.0
0.3,0.5,0.29199718316707773,13552,732,44,perturbation,heldout,excitatory,605,delta_fluctuation_r2,0.22852516174316406,1.0
0.3,0.5,0.29199718316707773,13552,732,44,perturbation,heldout,inhibitory,109,delta_activity_r2,0.25235482342654225,1.0
0.3,0.5,0.29199718316707773,13552,732,44,perturbation,heldout,inhibitory,109,delta_fluctuation_r2,0.0768159031867981,1.0
0.3,0.5,0.29199718316707773,13552,732,44,perturbation,targeted,inhibitory,36,delta_activity_r2,-0.6977567814017667,1.0
0.3,0.5,0.29199718316707773,13552,732,44,perturbation,targeted,inhibitory,36,delta_fluctuation_r2,-0.47805821895599365,1.0
0.4,0.5,0.39607902835485786,13740,975,44,held_out,observed,all,975,activity_r2,0.9226849192648615,1.0
0.4,0.5,0.39607902835485786,13740,975,44,held_out,observed,all,975,fluctuation_r2,0.5757389068603516,1.0
0.4,0.5,0.39607902835485786,13740,975,44,held_out,heldout,all,1003,activity_r2,-0.16468746459281025,1.0
0.4,0.5,0.39607902835485786,13740,975,44,held_out,heldout,all,1003,fluctuation_r2,-0.12572848796844482,1.0
0.4,0.5,0.39607902835485786,13740,975,44,perturbation,observed,excitatory,783,delta_activity_r2,-0.17277237318821403,1.0
0.4,0.5,0.39607902835485786,13740,975,44,perturbation,observed,excitatory,783,delta_fluctuation_r2,0.09006410837173462,1.0
0.4,0.5,0.39607902835485786,13740,975,44,perturbation,observed,inhibitory,192,delta_activity_r2,-0.07914382216138227,1.0
0.4,0.5,0.39607902835485786,13740,975,44,perturbation,observed,inhibitory,192,delta_fluctuation_r2,0.02442646026611328,1.0
0.4,0.5,0.39607902835485786,13740,975,44,perturbation,heldout,excitatory,801,delta_activity_r2,-0.10505098064769491,1.0
0.4,0.5,0.39607902835485786,13740,975,44,perturbation,heldout,excitatory,801,delta_fluctuation_r2,0.04604959487915039,1.0
0.4,0.5,0.39607902835485786,13740,975,44,perturbation,heldout,inhibitory,152,delta_activity_r2,-0.3551865251932249,1.0
0.4,0.5,0.39607902835485786,13740,975,44,perturbation,heldout,inhibitory,152,delta_fluctuation_r2,-0.12894344329833984,1.0
0.4,0.5,0.39607902835485786,13740,975,44,perturbation,targeted,inhibitory,50,delta_activity_r2,-2.3677809338959492,1.0
0.4,0.5,0.39607902835485786,13740,975,44,perturbation,targeted,inhibitory,50,delta_fluctuation_r2,-1.4173340797424316,1.0
0.5,0.5,0.499003303865012,13961,1237,44,held_out,observed,all,1237,activity_r2,0.9221851105296506,0.9999999357039407
0.5,0.5,0.499003303865012,13961,1237,44,held_out,observed,all,1237,fluctuation_r2,0.6212033033370972,0.9999974370002747
0.5,0.5,0.499003303865012,13961,1237,44,held_out,heldout,all,1248,activity_r2,0.13238562552687683,0.9999999549788893
0.5,0.5,0.499003303865012,13961,1237,44,held_out,heldout,all,1248,fluctuation_r2,0.11135143041610718,0.9999980926513672
0.5,0.5,0.499003303865012,13961,1237,44,perturbation,observed,excitatory,986,delta_activity_r2,0.240284625921533,0.9999995942843503
0.5,0.5,0.499003303865012,13961,1237,44,perturbation,observed,excitatory,986,delta_fluctuation_r2,0.2150108814239502,0.9999953508377075
0.5,0.5,0.499003303865012,13961,1237,44,perturbation,observed,inhibitory,251,delta_activity_r2,0.24945313690494886,0.9999996913898521
0.5,0.5,0.499003303865012,13961,1237,44,perturbation,observed,inhibitory,251,delta_fluctuation_r2,0.16642171144485474,0.9999964833259583
0.5,0.5,0.499003303865012,13961,1237,44,perturbation,heldout,excitatory,1003,delta_activity_r2,0.21102410109725567,0.9999993888627362
0.5,0.5,0.499003303865012,13961,1237,44,perturbation,heldout,excitatory,1003,delta_fluctuation_r2,0.13138043880462646,0.9999946355819702
0.5,0.5,0.499003303865012,13961,1237,44,perturbation,heldout,inhibitory,184,delta_activity_r2,-0.07666137661999972,0.9999997937666515
0.5,0.5,0.499003303865012,13961,1237,44,perturbation,heldout,inhibitory,184,delta_fluctuation_r2,-0.02955913543701172,0.9999967813491821
0.5,0.5,0.499003303865012,13961,1237,44,perturbation,targeted,inhibitory,61,delta_activity_r2,-0.18427766633006315,0.9999998850522993
0.5,0.5,0.499003303865012,13961,1237,44,perturbation,targeted,inhibitory,61,delta_fluctuation_r2,-0.0668867826461792,0.9999974966049194
0.6,0.5,0.6009074960205604,14209,1495,44,held_out,observed,all,1495,activity_r2,0.9401627092172471,0.9999988255800875
0.6,0.5,0.6009074960205604,14209,1495,44,held_out,observed,all,1495,fluctuation_r2,0.667561411857605,0.9999590516090393
0.6,0.5,0.6009074960205604,14209,1495,44,held_out,heldout,all,1506,activity_r2,0.4082263127128528,0.9999993086441702
0.6,0.5,0.6009074960205604,14209,1495,44,held_out,heldout,all,1506,fluctuation_r2,0.3146933913230896,0.9999725222587585
0.6,0.5,0.6009074960205604,14209,1495,44,perturbation,observed,excitatory,1191,delta_activity_r2,0.3338440081283256,0.9999890167168543
0.6,0.5,0.6009074960205604,14209,1495,44,perturbation,observed,excitatory,1191,delta_fluctuation_r2,0.3534277081489563,0.9999303817749023
0.6,0.5,0.6009074960205604,14209,1495,44,perturbation,observed,inhibitory,304,delta_activity_r2,0.36647082379752105,0.9999878329088138
0.6,0.5,0.6009074960205604,14209,1495,44,perturbation,observed,inhibitory,304,delta_fluctuation_r2,0.20107585191726685,0.9999412894248962
0.6,0.5,0.6009074960205604,14209,1495,44,perturbation,heldout,excitatory,1212,delta_activity_r2,0.24897254020103854,0.9999880144580473
0.6,0.5,0.6009074960205604,14209,1495,44,perturbation,heldout,excitatory,1212,delta_fluctuation_r2,0.20747727155685425,0.9999291300773621
0.6,0.5,0.6009074960205604,14209,1495,44,perturbation,heldout,inhibitory,220,delta_activity_r2,0.07159351723937424,0.9999929118592277
0.6,0.5,0.6009074960205604,14209,1495,44,perturbation,heldout,inhibitory,220,delta_fluctuation_r2,0.049553871154785156,0.9999659061431885
0.6,0.5,0.6009074960205604,14209,1495,44,perturbation,targeted,inhibitory,74,delta_activity_r2,0.25613472093420164,0.9999971254308523
0.6,0.5,0.6009074960205604,14209,1495,44,perturbation,targeted,inhibitory,74,delta_fluctuation_r2,0.11096596717834473,0.9999301433563232
0.7,0.5,0.6950620518568456,14382,1749,44,held_out,observed,all,1749,activity_r2,0.9462724330893797,0.9999930590664512
0.7,0.5,0.6950620518568456,14382,1749,44,held_out,observed,all,1749,fluctuation_r2,0.7241204380989075,0.9997267723083496
0.7,0.5,0.6950620518568456,14382,1749,44,held_out,heldout,all,1743,activity_r2,0.5069092835398423,0.9999921727553333
0.7,0.5,0.6950620518568456,14382,1749,44,held_out,heldout,all,1743,fluctuation_r2,0.41992688179016113,0.9997630715370178
0.7,0.5,0.6950620518568456,14382,1749,44,perturbation,observed,excitatory,1401,delta_activity_r2,0.5114164316743105,0.9997431217342709
0.7,0.5,0.6950620518568456,14382,1749,44,perturbation,observed,excitatory,1401,delta_fluctuation_r2,0.38465338945388794,0.9987719655036926
0.7,0.5,0.6950620518568456,14382,1749,44,perturbation,observed,inhibitory,348,delta_activity_r2,0.5919230814791059,0.9998613540633581
0.7,0.5,0.6950620518568456,14382,1749,44,perturbation,observed,inhibitory,348,delta_fluctuation_r2,0.31837666034698486,0.9990922212600708
0.7,0.5,0.6950620518568456,14382,1749,44,perturbation,heldout,excitatory,1406,delta_activity_r2,0.4284718664133441,0.9997781936058336
0.7,0.5,0.6950620518568456,14382,1749,44,perturbation,heldout,excitatory,1406,delta_fluctuation_r2,0.36905860900878906,0.998797595500946
0.7,0.5,0.6950620518568456,14382,1749,44,perturbation,heldout,inhibitory,253,delta_activity_r2,0.2096414924868758,0.999799635963479
0.7,0.5,0.6950620518568456,14382,1749,44,perturbation,heldout,inhibitory,253,delta_fluctuation_r2,0.2106243371963501,0.9990970492362976
0.7,0.5,0.6950620518568456,14382,1749,44,perturbation,targeted,inhibitory,84,delta_activity_r2,0.23042898137028256,0.9999724296345838
0.7,0.5,0.6950620518568456,14382,1749,44,perturbation,targeted,inhibitory,84,delta_fluctuation_r2,0.12760138511657715,0.9994999766349792
0.8,0.5,0.7989077042816277,14576,2014,44,held_out,observed,all,2014,activity_r2,0.9602254410082067,0.9999989603596053
0.8,0.5,0.7989077042816277,14576,2014,44,held_out,observed,all,2014,fluctuation_r2,0.7836782932281494,0.9999620318412781
0.8,0.5,0.7989077042816277,14576,2014,44,held_out,heldout,all,1976,activity_r2,0.6212963452235323,0.999999230416811
0.8,0.5,0.7989077042816277,14576,2014,44,held_out,heldout,all,1976,fluctuation_r2,0.5481306314468384,0.9999706149101257
0.8,0.5,0.7989077042816277,14576,2014,44,perturbation,observed,excitatory,1615,delta_activity_r2,0.6972194112753103,0.9999301057332796
0.8,0.5,0.7989077042816277,14576,2014,44,perturbation,observed,excitatory,1615,delta_fluctuation_r2,0.5123039484024048,0.9995213150978088
0.8,0.5,0.7989077042816277,14576,2014,44,perturbation,observed,inhibitory,399,delta_activity_r2,0.41382947197218345,0.9999405178236742
0.8,0.5,0.7989077042816277,14576,2014,44,perturbation,observed,inhibitory,399,delta_fluctuation_r2,0.4323655962944031,0.9996325969696045
0.8,0.5,0.7989077042816277,14576,2014,44,perturbation,heldout,excitatory,1584,delta_activity_r2,0.5605483821332736,0.9999264928183134
0.8,0.5,0.7989077042816277,14576,2014,44,perturbation,heldout,excitatory,1584,delta_fluctuation_r2,0.4701233506202698,0.9995285868644714
0.8,0.5,0.7989077042816277,14576,2014,44,perturbation,heldout,inhibitory,294,delta_activity_r2,0.18044705611653944,0.9999239568873507
0.8,0.5,0.7989077042816277,14576,2014,44,perturbation,heldout,inhibitory,294,delta_fluctuation_r2,0.3034246563911438,0.999643087387085
0.8,0.5,0.7989077042816277,14576,2014,44,perturbation,targeted,inhibitory,98,delta_activity_r2,0.40892916746965235,0.9999918943778571
0.8,0.5,0.7989077042816277,14576,2014,44,perturbation,targeted,inhibitory,98,delta_fluctuation_r2,0.4081817865371704,0.9999008178710938
0.9,0.5,0.9017609453399976,14806,2256,44,held_out,observed,all,2256,activity_r2,0.9628622804462188,0.9999797482237509
0.9,0.5,0.9017609453399976,14806,2256,44,held_out,observed,all,2256,fluctuation_r2,0.8465256690979004,0.9992063641548157
0.9,0.5,0.9017609453399976,14806,2256,44,held_out,heldout,all,2244,activity_r2,0.7947869692986606,0.9999819108987161
0.9,0.5,0.9017609453399976,14806,2256,44,held_out,heldout,all,2244,fluctuation_r2,0.7387892007827759,0.9992903470993042
0.9,0.5,0.9017609453399976,14806,2256,44,perturbation,observed,excitatory,1800,delta_activity_r2,0.7040400349952524,0.9994661498972464
0.9,0.5,0.9017609453399976,14806,2256,44,perturbation,observed,excitatory,1800,delta_fluctuation_r2,0.6304941773414612,0.997085690498352
0.9,0.5,0.9017609453399976,14806,2256,44,perturbation,observed,inhibitory,456,delta_activity_r2,0.8064335507588292,0.9996486246268809
0.9,0.5,0.9017609453399976,14806,2256,44,perturbation,observed,inhibitory,456,delta_fluctuation_r2,0.6579371690750122,0.9975732564926147
0.9,0.5,0.9017609453399976,14806,2256,44,perturbation,heldout,excitatory,1799,delta_activity_r2,0.7110021962182114,0.99958809176105
0.9,0.5,0.9017609453399976,14806,2256,44,perturbation,heldout,excitatory,1799,delta_fluctuation_r2,0.6371961832046509,0.9973767399787903
0.9,0.5,0.9017609453399976,14806,2256,44,perturbation,heldout,inhibitory,334,delta_activity_r2,0.5946993969913292,0.99930701216243
0.9,0.5,0.9017609453399976,14806,2256,44,perturbation,heldout,inhibitory,334,delta_fluctuation_r2,0.5713789463043213,0.9970810413360596
0.9,0.5,0.9017609453399976,14806,2256,44,perturbation,targeted,inhibitory,111,delta_activity_r2,0.6408836152087756,0.9999566083651574
0.9,0.5,0.9017609453399976,14806,2256,44,perturbation,targeted,inhibitory,111,delta_fluctuation_r2,0.6280554533004761,0.9990350008010864
1.0,0.5,1.0,6,2500,44,held_out,observed,all,2500,activity_r2,0.9926200793494423,0.9999003484198806
1.0,0.5,1.0,6,2500,44,held_out,observed,all,2500,fluctuation_r2,0.9764899015426636,0.9961273670196533
1.0,0.5,1.0,6,2500,44,held_out,heldout,all,2500,activity_r2,0.9959129134294806,0.9999138923409479
1.0,0.5,1.0,6,2500,44,held_out,heldout,all,2500,fluctuation_r2,0.9820801615715027,0.9968476295471191
1.0,0.5,1.0,6,2500,44,perturbation,observed,excitatory,1999,delta_activity_r2,0.9911505219292128,0.9991204420040112
1.0,0.5,1.0,6,2500,44,perturbation,observed,excitatory,1999,delta_fluctuation_r2,0.9569351077079773,0.9876849055290222
1.0,0.5,1.0,6,2500,44,perturbation,observed,inhibitory,501,delta_activity_r2,0.9801305668712097,0.9992826118793887
1.0,0.5,1.0,6,2500,44,perturbation,observed,inhibitory,501,delta_fluctuation_r2,0.9491212964057922,0.9893200993537903
1.0,0.5,1.0,6,2500,44,perturbation,heldout,excitatory,2001,delta_activity_r2,0.9898637613857592,0.9990447042829067
1.0,0.5,1.0,6,2500,44,perturbation,heldout,excitatory,2001,delta_fluctuation_r2,0.9571722745895386,0.9880502820014954
1.0,0.5,1.0,6,2500,44,perturbation,heldout,inhibitory,374,delta_activity_r2,0.9854857846804986,0.998865372483094
1.0,0.5,1.0,6,2500,44,perturbation,heldout,inhibitory,374,delta_fluctuation_r2,0.9529027938842773,0.9875108599662781
1.0,0.5,1.0,6,2500,44,perturbation,targeted,inhibitory,125,delta_activity_r2,0.9961826972414082,0.9997705402394815
1.0,0.5,1.0,6,2500,44,perturbation,targeted,inhibitory,125,delta_fluctuation_r2,0.9664406776428223,0.9943632483482361
0.1,0.5,0.098199013030526,13188,245,45,held_out,observed,all,245,activity_r2,0.8264377313182165,1.0
0.1,0.5,0.098199013030526,13188,245,45,held_out,observed,all,245,fluctuation_r2,0.4450525641441345,1.0
0.1,0.5,0.098199013030526,13188,245,45,held_out,heldout,all,249,activity_r2,-0.14355393158928575,1.0
0.1,0.5,0.098199013030526,13188,245,45,held_out,heldout,all,249,fluctuation_r2,-0.16110706329345703,1.0
0.1,0.5,0.098199013030526,13188,245,45,perturbation,observed,excitatory,202,delta_activity_r2,0.12860563180501816,1.0
0.1,0.5,0.098199013030526,13188,245,45,perturbation,observed,excitatory,202,delta_fluctuation_r2,0.05602562427520752,1.0
0.1,0.5,0.098199013030526,13188,245,45,perturbation,observed,inhibitory,43,delta_activity_r2,-0.11715686028910777,1.0
0.1,0.5,0.098199013030526,13188,245,45,perturbation,observed,inhibitory,43,delta_fluctuation_r2,0.07763022184371948,1.0
0.1,0.5,0.098199013030526,13188,245,45,perturbation,heldout,excitatory,200,delta_activity_r2,-0.7992031896930532,1.0
0.1,0.5,0.098199013030526,13188,245,45,perturbation,heldout,excitatory,200,delta_fluctuation_r2,-0.2196190357208252,1.0
0.1,0.5,0.098199013030526,13188,245,45,perturbation,heldout,inhibitory,37,delta_activity_r2,-0.2110704798874472,1.0
0.1,0.5,0.098199013030526,13188,245,45,perturbation,heldout,inhibitory,37,delta_fluctuation_r2,-0.0660862922668457,1.0
0.1,0.5,0.098199013030526,13188,245,45,perturbation,targeted,inhibitory,12,delta_activity_r2,-0.4702872875193642,1.0
0.1,0.5,0.098199013030526,13188,245,45,perturbation,targeted,inhibitory,12,delta_fluctuation_r2,-0.7891709804534912,1.0
0.2,0.5,0.20307818221090923,13430,496,45,held_out,observed,all,496,activity_r2,0.9541407637435039,1.0
0.2,0.5,0.20307818221090923,13430,496,45,held_out,observed,all,496,fluctuation_r2,0.7056707143783569,1.0
0.2,0.5,0.20307818221090923,13430,496,45,held_out,heldout,all,512,activity_r2,-0.07728782078196894,1.0
0.2,0.5,0.20307818221090923,13430,496,45,held_out,heldout,all,512,fluctuation_r2,-0.09965109825134277,1.0
0.2,0.5,0.20307818221090923,13430,496,45,perturbation,observed,excitatory,397,delta_activity_r2,0.17998885967243172,1.0
0.2,0.5,0.20307818221090923,13430,496,45,perturbation,observed,excitatory,397,delta_fluctuation_r2,0.10465884208679199,1.0
0.2,0.5,0.20307818221090923,13430,496,45,perturbation,observed,inhibitory,99,delta_activity_r2,-0.3749468638322244,1.0
0.2,0.5,0.20307818221090923,13430,496,45,perturbation,observed,inhibitory,99,delta_fluctuation_r2,0.032402992248535156,1.0
0.2,0.5,0.20307818221090923,13430,496,45,perturbation,heldout,excitatory,407,delta_activity_r2,-0.18806865924495098,1.0
0.2,0.5,0.20307818221090923,13430,496,45,perturbation,heldout,excitatory,407,delta_fluctuation_r2,-0.126373291015625,1.0
0.2,0.5,0.20307818221090923,13430,496,45,perturbation,heldout,inhibitory,79,delta_activity_r2,-1.0466027525171389,1.0
0.2,0.5,0.20307818221090923,13430,496,45,perturbation,heldout,inhibitory,79,delta_fluctuation_r2,-0.5879760980606079,1.0
0.2,0.5,0.20307818221090923,13430,496,45,perturbation,targeted,inhibitory,26,delta_activity_r2,-0.34496675177592384,1.0
0.2,0.5,0.20307818221090923,13430,496,45,perturbation,targeted,inhibitory,26,delta_fluctuation_r2,-0.20366454124450684,1.0
0.3,0.5,0.3003925293644559,13639,737,45,held_out,observed,all,737,activity_r2,0.9544048913289935,1.0
0.3,0.5,0.3003925293644559,13639,737,45,held_out,observed,all,737,fluctuation_r2,0.6931858062744141,1.0
0.3,0.5,0.3003925293644559,13639,737,45,held_out,heldout,all,774,activity_r2,-0.2921346850727682,1.0
0.3,0.5,0.3003925293644559,13639,737,45,held_out,heldout,all,774,fluctuation_r2,-0.19028723239898682,1.0
0.3,0.5,0.3003925293644559,13639,737,45,perturbation,observed,excitatory,590,delta_activity_r2,0.15378697571772248,1.0
0.3,0.5,0.3003925293644559,13639,737,45,perturbation,observed,excitatory,590,delta_fluctuation_r2,0.2182145118713379,1.0
0.3,0.5,0.3003925293644559,13639,737,45,perturbation,observed,inhibitory,147,delta_activity_r2,0.07233185749991178,1.0
0.3,0.5,0.3003925293644559,13639,737,45,perturbation,observed,inhibitory,147,delta_fluctuation_r2,0.08005905151367188,1.0
0.3,0.5,0.3003925293644559,13639,737,45,perturbation,heldout,excitatory,624,delta_activity_r2,0.07433560008459927,1.0
0.3,0.5,0.3003925293644559,13639,737,45,perturbation,heldout,excitatory,624,delta_fluctuation_r2,0.04634523391723633,1.0
0.3,0.5,0.3003925293644559,13639,737,45,perturbation,heldout,inhibitory,112,delta_activity_r2,-0.13644703059247587,1.0
0.3,0.5,0.3003925293644559,13639,737,45,perturbation,heldout,inhibitory,112,delta_fluctuation_r2,-0.11224508285522461,1.0
0.3,0.5,0.3003925293644559,13639,737,45,perturbation,targeted,inhibitory,38,delta_activity_r2,-0.24599993660892405,1.0
0.3,0.5,0.3003925293644559,13639,737,45,perturbation,targeted,inhibitory,38,delta_fluctuation_r2,-0.1607760190963745,1.0
0.4,0.5,0.39862927000126047,13794,971,45,held_out,observed,all,971,activity_r2,0.9547647031042283,1.0
0.4,0.5,0.39862927000126047,13794,971,45,held_out,observed,all,971,fluctuation_r2,0.7073948383331299,1.0
0.4,0.5,0.39862927000126047,13794,971,45,held_out,heldout,all,1025,activity_r2,-0.36058123433155376,1.0
0.4,0.5,0.39862927000126047,13794,971,45,held_out,heldout,all,1025,fluctuation_r2,-0.22909677028656006,1.0
0.4,0.5,0.39862927000126047,13794,971,45,perturbation,observed,excitatory,777,delta_activity_r2,0.341410341960099,1.0
0.4,0.5,0.39862927000126047,13794,971,45,perturbation,observed,excitatory,777,delta_fluctuation_r2,0.2560660243034363,1.0
0.4,0.5,0.39862927000126047,13794,971,45,perturbation,observed,inhibitory,194,delta_activity_r2,0.09977191619670167,1.0
0.4,0.5,0.39862927000126047,13794,971,45,perturbation,observed,inhibitory,194,delta_fluctuation_r2,0.15263265371322632,1.0
0.4,0.5,0.39862927000126047,13794,971,45,perturbation,heldout,excitatory,822,delta_activity_r2,0.20915417976294015,1.0
0.4,0.5,0.39862927000126047,13794,971,45,perturbation,heldout,excitatory,822,delta_fluctuation_r2,0.06208842992782593,1.0
0.4,0.5,0.39862927000126047,13794,971,45,perturbation,heldout,inhibitory,152,delta_activity_r2,-0.12911963819184602,1.0
0.4,0.5,0.39862927000126047,13794,971,45,perturbation,heldout,inhibitory,152,delta_fluctuation_r2,-0.0816044807434082,1.0
0.4,0.5,0.39862927000126047,13794,971,45,perturbation,targeted,inhibitory,51,delta_activity_r2,-1.2099899295547978,1.0
0.4,0.5,0.39862927000126047,13794,971,45,perturbation,targeted,inhibitory,51,delta_fluctuation_r2,-0.35630154609680176,1.0
0.5,0.5,0.5024333571919322,14027,1236,45,held_out,observed,all,1236,activity_r2,0.9600405723145445,0.9999999587931978
0.5,0.5,0.5024333571919322,14027,1236,45,held_out,observed,all,1236,fluctuation_r2,0.7210924625396729,0.9999977946281433
0.5,0.5,0.5024333571919322,14027,1236,45,held_out,heldout,all,1271,activity_r2,0.08159448345010312,0.9999999518757583
0.5,0.5,0.5024333571919322,14027,1236,45,held_out,heldout,all,1271,fluctuation_r2,0.08597409725189209,0.9999979734420776
0.5,0.5,0.5024333571919322,14027,1236,45,perturbation,observed,excitatory,987,delta_activity_r2,0.43406913929488766,0.9999990892699251
0.5,0.5,0.5024333571919322,14027,1236,45,perturbation,observed,excitatory,987,delta_fluctuation_r2,0.3088173270225525,0.999991774559021
0.5,0.5,0.5024333571919322,14027,1236,45,perturbation,observed,inhibitory,249,delta_activity_r2,-0.3924800726044426,0.9999994344275785
0.5,0.5,0.5024333571919322,14027,1236,45,perturbation,observed,inhibitory,249,delta_fluctuation_r2,0.17850548028945923,0.9999961256980896
0.5,0.5,0.5024333571919322,14027,1236,45,perturbation,heldout,excitatory,1008,delta_activity_r2,-0.20497341717814566,0.9999994254561512
0.5,0.5,0.5024333571919322,14027,1236,45,perturbation,heldout,excitatory,1008,delta_fluctuation_r2,0.009130358695983887,0.9999939799308777
0.5,0.5,0.5024333571919322,14027,1236,45,perturbation,heldout,inhibitory,197,delta_activity_r2,0.011245441557273472,0.9999992186522537
0.5,0.5,0.5024333571919322,14027,1236,45,perturbation,heldout,inhibitory,197,delta_fluctuation_r2,-0.041228532791137695,0.9999955296516418
0.5,0.5,0.5024333571919322,14027,1236,45,perturbation,targeted,inhibitory,66,delta_activity_r2,-1.0161027899276753,0.9999997498796379
0.5,0.5,0.5024333571919322,14027,1236,45,perturbation,targeted,inhibitory,66,delta_fluctuation_r2,-0.3643317222595215,0.9999967813491821
0.6,0.5,0.600822985957717,14227,1493,45,held_out,observed,all,1493,activity_r2,0.9613254233198205,0.9999962968737534
0.6,0.5,0.600822985957717,14227,1493,45,held_out,observed,all,1493,fluctuation_r2,0.7311671376228333,0.9998342394828796
0.6,0.5,0.600822985957717,14227,1493,45,held_out,heldout,all,1514,activity_r2,0.1413592880906973,0.9999955579441556
0.6,0.5,0.600822985957717,14227,1493,45,held_out,heldout,all,1514,fluctuation_r2,0.13386642932891846,0.9998305439949036
0.6,0.5,0.600822985957717,14227,1493,45,perturbation,observed,excitatory,1194,delta_activity_r2,0.3918993177765361,0.9998900266589087
0.6,0.5,0.600822985957717,14227,1493,45,perturbation,observed,excitatory,1194,delta_fluctuation_r2,0.37839049100875854,0.9994602799415588
0.6,0.5,0.600822985957717,14227,1493,45,perturbation,observed,inhibitory,299,delta_activity_r2,0.2910911484640918,0.9999351280434393
0.6,0.5,0.600822985957717,14227,1493,45,perturbation,observed,inhibitory,299,delta_fluctuation_r2,0.24790304899215698,0.9997055530548096
0.6,0.5,0.600822985957717,14227,1493,45,perturbation,heldout,excitatory,1205,delta_activity_r2,0.11180201304670156,0.9999473159417355
0.6,0.5,0.600822985957717,14227,1493,45,perturbation,heldout,excitatory,1205,delta_fluctuation_r2,0.09876686334609985,0.9995952844619751
0.6,0.5,0.600822985957717,14227,1493,45,perturbation,heldout,inhibitory,232,delta_activity_r2,0.006876329861149499,0.9999037956970369
0.6,0.5,0.600822985957717,14227,1493,45,perturbation,heldout,inhibitory,232,delta_fluctuation_r2,-0.0999600887298584,0.9996458292007446
0.6,0.5,0.600822985957717,14227,1493,45,perturbation,targeted,inhibitory,77,delta_activity_r2,0.16046627823267867,0.9999883761264652
0.6,0.5,0.600822985957717,14227,1493,45,perturbation,targeted,inhibitory,77,delta_fluctuation_r2,0.16856545209884644,0.999729335308075
0.7,0.5,0.7006988180353726,14394,1739,45,held_out,observed,all,1739,activity_r2,0.9640221726654198,0.9999892520946296
0.7,0.5,0.7006988180353726,14394,1739,45,held_out,observed,all,1739,fluctuation_r2,0.7710447907447815,0.9995771646499634
0.7,0.5,0.7006988180353726,14394,1739,45,held_out,heldout,all,1757,activity_r2,0.48752331434386476,0.9999913913097135
0.7,0.5,0.7006988180353726,14394,1739,45,held_out,heldout,all,1757,fluctuation_r2,0.4081646203994751,0.9996173977851868
0.7,0.5,0.7006988180353726,14394,1739,45,perturbation,observed,excitatory,1383,delta_activity_r2,0.6598623456153613,0.9997732967951217
0.7,0.5,0.7006988180353726,14394,1739,45,perturbation,observed,excitatory,1383,delta_fluctuation_r2,0.4644736051559448,0.998338520526886
0.7,0.5,0.7006988180353726,14394,1739,45,perturbation,observed,inhibitory,356,delta_activity_r2,0.24521297642628892,0.9998471866147192
0.7,0.5,0.7006988180353726,14394,1739,45,perturbation,observed,inhibitory,356,delta_fluctuation_r2,0.33803898096084595,0.9989346265792847
0.7,0.5,0.7006988180353726,14394,1739,45,perturbation,heldout,excitatory,1410,delta_activity_r2,0.382461595008621,0.9998119982390198
0.7,0.5,0.7006988180353726,14394,1739,45,perturbation,heldout,excitatory,1410,delta_fluctuation_r2,0.2850313186645508,0.9985322952270508
0.7,0.5,0.7006988180353726,14394,1739,45,perturbation,heldout,inhibitory,260,delta_activity_r2,0.35811207047704186,0.9998498015839016
0.7,0.5,0.7006988180353726,14394,1739,45,perturbation,heldout,inhibitory,260,delta_fluctuation_r2,0.2291170358657837,0.9989956021308899
0.7,0.5,0.7006988180353726,14394,1739,45,perturbation,targeted,inhibitory,87,delta_activity_r2,0.3446662753202713,0.9999709247451034
0.7,0.5,0.7006988180353726,14394,1739,45,perturbation,targeted,inhibitory,87,delta_fluctuation_r2,0.18008959293365479,0.9991152286529541
0.8,0.5,0.8014722441689394,14612,1997,45,held_out,observed,all,1997,activity_r2,0.9647860801787588,0.9999612893018549
0.8,0.5,0.8014722441689394,14612,1997,45,held_out,observed,all,1997,fluctuation_r2,0.8147249221801758,0.9985874891281128
0.8,0.5,0.8014722441689394,14612,1997,45,held_out,heldout,all,2005,activity_r2,0.7188352648299309,0.9999731469493038
0.8,0.5,0.8014722441689394,14612,1997,45,held_out,heldout,all,2005,fluctuation_r2,0.60670006275177,0.9987314343452454
0.8,0.5,0.8014722441689394,14612,1997,45,perturbation,observed,excitatory,1581,delta_activity_r2,0.7013243564967329,0.9995140645164486
0.8,0.5,0.8014722441689394,14612,1997,45,perturbation,observed,excitatory,1581,delta_fluctuation_r2,0.5686265826225281,0.9952955842018127
0.8,0.5,0.8014722441689394,14612,1997,45,perturbation,observed,inhibitory,416,delta_activity_r2,0.5350149556180547,0.9997431800044809
0.8,0.5,0.8014722441689394,14612,1997,45,perturbation,observed,inhibitory,416,delta_fluctuation_r2,0.475519061088562,0.9970511198043823
0.8,0.5,0.8014722441689394,14612,1997,45,perturbation,heldout,excitatory,1618,delta_activity_r2,0.46345195524058913,0.9997601832341737
0.8,0.5,0.8014722441689394,14612,1997,45,perturbation,heldout,excitatory,1618,delta_fluctuation_r2,0.3983916640281677,0.9961398839950562
0.8,0.5,0.8014722441689394,14612,1997,45,perturbation,heldout,inhibitory,290,delta_activity_r2,0.5922907725688026,0.9997340945440528
0.8,0.5,0.8014722441689394,14612,1997,45,perturbation,heldout,inhibitory,290,delta_fluctuation_r2,0.4969908595085144,0.9968141317367554
0.8,0.5,0.8014722441689394,14612,1997,45,perturbation,targeted,inhibitory,97,delta_activity_r2,0.44799106503902364,0.9999173678915158
0.8,0.5,0.8014722441689394,14612,1997,45,perturbation,targeted,inhibitory,97,delta_fluctuation_r2,0.367912232875824,0.9977237582206726
0.9,0.5,0.8990626574941991,14788,2258,45,held_out,observed,all,2258,activity_r2,0.9710077467493532,0.9999755256321857
0.9,0.5,0.8990626574941991,14788,2258,45,held_out,observed,all,2258,fluctuation_r2,0.8934171199798584,0.998968780040741
0.9,0.5,0.8990626574941991,14788,2258,45,held_out,heldout,all,2236,activity_r2,0.8815825930301775,0.9999730800351594
0.9,0.5,0.8990626574941991,14788,2258,45,held_out,heldout,all,2236,fluctuation_r2,0.7862622141838074,0.9989086985588074
0.9,0.5,0.8990626574941991,14788,2258,45,perturbation,observed,excitatory,1796,delta_activity_r2,0.8131314311609232,0.9995917492810893
0.9,0.5,0.8990626574941991,14788,2258,45,perturbation,observed,excitatory,1796,delta_fluctuation_r2,0.6971070766448975,0.9955613613128662
0.9,0.5,0.8990626574941991,14788,2258,45,perturbation,observed,inhibitory,462,delta_activity_r2,0.7717992801328835,0.9996949956336075
0.9,0.5,0.8990626574941991,14788,2258,45,perturbation,observed,inhibitory,462,delta_fluctuation_r2,0.6937600374221802,0.9969777464866638
0.9,0.5,0.8990626574941991,14788,2258,45,perturbation,heldout,excitatory,1800,delta_activity_r2,0.7024648621631634,0.9994873687634335
0.9,0.5,0.8990626574941991,14788,2258,45,perturbation,heldout,excitatory,1800,delta_fluctuation_r2,0.6138175129890442,0.9957255721092224
0.9,0.5,0.8990626574941991,14788,2258,45,perturbation,heldout,inhibitory,327,delta_activity_r2,0.6706825892932319,0.9994741027462067
0.9,0.5,0.8990626574941991,14788,2258,45,perturbation,heldout,inhibitory,327,delta_fluctuation_r2,0.5288048982620239,0.9964600205421448
0.9,0.5,0.8990626574941991,14788,2258,45,perturbation,targeted,inhibitory,109,delta_activity_r2,0.8246974720850584,0.9998359216850771
0.9,0.5,0.8990626574941991,14788,2258,45,perturbation,targeted,inhibitory,109,delta_fluctuation_r2,0.6705361604690552,0.9970201849937439
1.0,0.5,1.0,6,2500,45,held_out,observed,all,2500,activity_r2,0.9964858101187709,0.9999290114401685
1.0,0.5,1.0,6,2500,45,held_out,observed,all,2500,fluctuation_r2,0.9875035285949707,0.9970329999923706
1.0,0.5,1.0,6,2500,45,held_out,heldout,all,2500,activity_r2,0.9959449229910049,0.9999108568870823
1.0,0.5,1.0,6,2500,45,held_out,heldout,all,2500,fluctuation_r2,0.9868285059928894,0.9968229532241821
1.0,0.5,1.0,6,2500,45,perturbation,observed,excitatory,1990,delta_activity_r2,0.9938832131624142,0.9984669537945098
1.0,0.5,1.0,6,2500,45,perturbation,observed,excitatory,1990,delta_fluctuation_r2,0.9661333560943604,0.988223135471344
1.0,0.5,1.0,6,2500,45,perturbation,observed,inhibitory,510,delta_activity_r2,0.9898276399194486,0.9984214990923805
1.0,0.5,1.0,6,2500,45,perturbation,observed,inhibitory,510,delta_fluctuation_r2,0.9706442356109619,0.9914343357086182
1.0,0.5,1.0,6,2500,45,perturbation,heldout,excitatory,2010,delta_activity_r2,0.9936940120128646,0.9982688002755693
1.0,0.5,1.0,6,2500,45,perturbation,heldout,excitatory,2010,delta_fluctuation_r2,0.9656902551651001,0.9878734946250916
1.0,0.5,1.0,6,2500,45,perturbation,heldout,inhibitory,368,delta_activity_r2,0.9930930729473755,0.9991063109288704
1.0,0.5,1.0,6,2500,45,perturbation,heldout,inhibitory,368,delta_fluctuation_r2,0.9724786281585693,0.9916658997535706
1.0,0.5,1.0,6,2500,45,perturbation,targeted,inhibitory,122,delta_activity_r2,0.9920343651009434,0.9993211822761545
1.0,0.5,1.0,6,2500,45,perturbation,targeted,inhibitory,122,delta_fluctuation_r2,0.9670600891113281,0.9911681413650513
0.1,0.5,0.0977155231126026,13203,261,46,held_out,observed,all,261,activity_r2,0.9298799322561708,1.0
0.1,0.5,0.0977155231126026,13203,261,46,held_out,observed,all,261,fluctuation_r2,0.5219968557357788,1.0
0.1,0.5,0.0977155231126026,13203,261,46,held_out,heldout,all,238,activity_r2,-0.10388754169805403,1.0
0.1,0.5,0.0977155231126026,13203,261,46,held_out,heldout,all,238,fluctuation_r2,-0.08778822422027588,1.0
0.1,0.5,0.0977155231126026,13203,261,46,perturbation,observed,excitatory,213,delta_activity_r2,0.13359913266374634,1.0
0.1,0.5,0.0977155231126026,13203,261,46,perturbation,observed,excitatory,213,delta_fluctuation_r2,0.14800101518630981,1.0
0.1,0.5,0.0977155231126026,13203,261,46,perturbation,observed,inhibitory,48,delta_activity_r2,0.13662103407841053,1.0
0.1,0.5,0.0977155231126026,13203,261,46,perturbation,observed,inhibitory,48,delta_fluctuation_r2,0.06531870365142822,1.0
0.1,0.5,0.0977155231126026,13203,261,46,perturbation,heldout,excitatory,196,delta_activity_r2,-0.23222536789805592,1.0
0.1,0.5,0.0977155231126026,13203,261,46,perturbation,heldout,excitatory,196,delta_fluctuation_r2,-0.11962258815765381,1.0
0.1,0.5,0.0977155231126026,13203,261,46,perturbation,heldout,inhibitory,32,delta_activity_r2,0.0048792057231556996,1.0
0.1,0.5,0.0977155231126026,13203,261,46,perturbation,heldout,inhibitory,32,delta_fluctuation_r2,-0.060083746910095215,1.0
0.1,0.5,0.0977155231126026,13203,261,46,perturbation,targeted,inhibitory,10,delta_activity_r2,-0.49049711188610035,1.0
0.1,0.5,0.0977155231126026,13203,261,46,perturbation,targeted,inhibitory,10,delta_fluctuation_r2,-0.19796764850616455,1.0
0.2,0.5,0.1965842510887127,13391,512,46,held_out,observed,all,512,activity_r2,0.9353294745945107,1.0
0.2,0.5,0.1965842510887127,13391,512,46,held_out,observed,all,512,fluctuation_r2,0.5509278774261475,1.0
0.2,0.5,0.1965842510887127,13391,512,46,held_out,heldout,all,483,activity_r2,0.01105683123295953,1.0
0.2,0.5,0.1965842510887127,13391,512,46,held_out,heldout,all,483,fluctuation_r2,0.005744040012359619,1.0
0.2,0.5,0.1965842510887127,13391,512,46,perturbation,observed,excitatory,419,delta_activity_r2,0.000725074706903639,1.0
0.2,0.5,0.1965842510887127,13391,512,46,perturbation,observed,excitatory,419,delta_fluctuation_r2,0.11431747674942017,1.0
0.2,0.5,0.1965842510887127,13391,512,46,perturbation,observed,inhibitory,93,delta_activity_r2,0.08933595243385473,1.0
0.2,0.5,0.1965842510887127,13391,512,46,perturbation,observed,inhibitory,93,delta_fluctuation_r2,0.050095975399017334,1.0
0.2,0.5,0.1965842510887127,13391,512,46,perturbation,heldout,excitatory,391,delta_activity_r2,-0.05687626303705584,1.0
0.2,0.5,0.1965842510887127,13391,512,46,perturbation,heldout,excitatory,391,delta_fluctuation_r2,-0.11595475673675537,1.0
0.2,0.5,0.1965842510887127,13391,512,46,perturbation,heldout,inhibitory,69,delta_activity_r2,-0.04752406403055898,1.0
0.2,0.5,0.1965842510887127,13391,512,46,perturbation,heldout,inhibitory,69,delta_fluctuation_r2,0.07438927888870239,1.0
0.2,0.5,0.1965842510887127,13391,512,46,perturbation,targeted,inhibitory,23,delta_activity_r2,-0.20119034988021722,1.0
0.2,0.5,0.1965842510887127,13391,512,46,perturbation,targeted,inhibitory,23,delta_fluctuation_r2,-0.06043565273284912,1.0
0.3,0.5,0.2971076701471955,13555,760,46,held_out,observed,all,760,activity_r2,0.9442778475333425,1.0
0.3,0.5,0.2971076701471955,13555,760,46,held_out,observed,all,760,fluctuation_r2,0.5795631408691406,1.0
0.3,0.5,0.2971076701471955,13555,760,46,held_out,heldout,all,723,activity_r2,0.039019370552336174,1.0
0.3,0.5,0.2971076701471955,13555,760,46,held_out,heldout,all,723,fluctuation_r2,0.0257454514503479,1.0
0.3,0.5,0.2971076701471955,13555,760,46,perturbation,observed,excitatory,618,delta_activity_r2,0.2086383147834715,1.0
0.3,0.5,0.2971076701471955,13555,760,46,perturbation,observed,excitatory,618,delta_fluctuation_r2,0.16207468509674072,1.0
0.3,0.5,0.2971076701471955,13555,760,46,perturbation,observed,inhibitory,142,delta_activity_r2,0.401325840530409,1.0
0.3,0.5,0.2971076701471955,13555,760,46,perturbation,observed,inhibitory,142,delta_fluctuation_r2,0.12941503524780273,1.0
0.3,0.5,0.2971076701471955,13555,760,46,perturbation,heldout,excitatory,577,delta_activity_r2,-0.0018240526963138048,1.0
0.3,0.5,0.2971076701471955,13555,760,46,perturbation,heldout,excitatory,577,delta_fluctuation_r2,-0.05304121971130371,1.0
0.3,0.5,0.2971076701471955,13555,760,46,perturbation,heldout,inhibitory,110,delta_activity_r2,0.3716992387741651,1.0
0.3,0.5,0.2971076701471955,13555,760,46,perturbation,heldout,inhibitory,110,delta_fluctuation_r2,0.13460320234298706,1.0
0.3,0.5,0.2971076701471955,13555,760,46,perturbation,targeted,inhibitory,36,delta_activity_r2,-0.015992844268269746,1.0
0.3,0.5,0.2971076701471955,13555,760,46,perturbation,targeted,inhibitory,36,delta_fluctuation_r2,-0.016574621200561523,1.0
0.4,0.5,0.40243405414620537,13812,1033,46,held_out,observed,all,1033,activity_r2,0.9427236189941304,1.0
0.4,0.5,0.40243405414620537,13812,1033,46,held_out,observed,all,1033,fluctuation_r2,0.6176726818084717,1.0
0.4,0.5,0.40243405414620537,13812,1033,46,held_out,heldout,all,969,activity_r2,0.21945561468015562,1.0
0.4,0.5,0.40243405414620537,13812,1033,46,held_out,heldout,all,969,fluctuation_r2,0.1834414005279541,1.0
0.4,0.5,0.40243405414620537,13812,1033,46,perturbation,observed,excitatory,839,delta_activity_r2,0.12003172698567954,1.0
0.4,0.5,0.40243405414620537,13812,1033,46,perturbation,observed,excitatory,839,delta_fluctuation_r2,0.1650295853614807,1.0
0.4,0.5,0.40243405414620537,13812,1033,46,perturbation,observed,inhibitory,194,delta_activity_r2,0.07370387591612537,1.0
0.4,0.5,0.40243405414620537,13812,1033,46,perturbation,observed,inhibitory,194,delta_fluctuation_r2,0.11223965883255005,1.0
0.4,0.5,0.40243405414620537,13812,1033,46,perturbation,heldout,excitatory,766,delta_activity_r2,0.03047188173462212,1.0
0.4,0.5,0.40243405414620537,13812,1033,46,perturbation,heldout,excitatory,766,delta_fluctuation_r2,0.07141399383544922,1.0
0.4,0.5,0.40243405414620537,13812,1033,46,perturbation,heldout,inhibitory,152,delta_activity_r2,0.3351247284385821,1.0
0.4,0.5,0.40243405414620537,13812,1033,46,perturbation,heldout,inhibitory,152,delta_fluctuation_r2,0.20476585626602173,1.0
0.4,0.5,0.40243405414620537,13812,1033,46,perturbation,targeted,inhibitory,51,delta_activity_r2,0.08418071149370565,1.0
0.4,0.5,0.40243405414620537,13812,1033,46,perturbation,targeted,inhibitory,51,delta_fluctuation_r2,0.037098228931427,1.0
0.5,0.5,0.5054114958088479,13991,1279,46,held_out,observed,all,1279,activity_r2,0.9580879816576221,0.9999998068897075
0.5,0.5,0.5054114958088479,13991,1279,46,held_out,observed,all,1279,fluctuation_r2,0.6968730092048645,0.9999915957450867
0.5,0.5,0.5054114958088479,13991,1279,46,held_out,heldout,all,1216,activity_r2,0.26163382132936275,0.9999998062166812
0.5,0.5,0.5054114958088479,13991,1279,46,held_out,heldout,all,1216,fluctuation_r2,0.22892725467681885,0.9999912977218628
0.5,0.5,0.5054114958088479,13991,1279,46,perturbation,observed,excitatory,1032,delta_activity_r2,0.2113196760957431,0.9999766237748923
0.5,0.5,0.5054114958088479,13991,1279,46,perturbation,observed,excitatory,1032,delta_fluctuation_r2,0.2303553819656372,0.9999243021011353
0.5,0.5,0.5054114958088479,13991,1279,46,perturbation,observed,inhibitory,247,delta_activity_r2,0.26258296979000006,0.9999809847470496
0.5,0.5,0.5054114958088479,13991,1279,46,perturbation,observed,inhibitory,247,delta_fluctuation_r2,0.24351203441619873,0.9999490976333618
0.5,0.5,0.5054114958088479,13991,1279,46,perturbation,heldout,excitatory,956,delta_activity_r2,0.11440408738362007,0.9999806298287364
0.5,0.5,0.5054114958088479,13991,1279,46,perturbation,heldout,excitatory,956,delta_fluctuation_r2,0.08816450834274292,0.9998931288719177
0.5,0.5,0.5054114958088479,13991,1279,46,perturbation,heldout,inhibitory,195,delta_activity_r2,0.16612579229924218,0.999985845970535
0.5,0.5,0.5054114958088479,13991,1279,46,perturbation,heldout,inhibitory,195,delta_fluctuation_r2,0.18434077501296997,0.9999421238899231
0.5,0.5,0.5054114958088479,13991,1279,46,perturbation,targeted,inhibitory,65,delta_activity_r2,0.13841297395411434,0.9999994664053005
0.5,0.5,0.5054114958088479,13991,1279,46,perturbation,targeted,inhibitory,65,delta_fluctuation_r2,0.20930689573287964,0.9999817609786987
0.6,0.5,0.6035011970554011,14170,1513,46,held_out,observed,all,1513,activity_r2,0.9485464015899591,0.9999991113414641
0.6,0.5,0.6035011970554011,14170,1513,46,held_out,observed,all,1513,fluctuation_r2,0.7051061987876892,0.9999632239341736
0.6,0.5,0.6035011970554011,14170,1513,46,held_out,heldout,all,1475,activity_r2,0.2974873700816367,0.999999164543197
0.6,0.5,0.6035011970554011,14170,1513,46,held_out,heldout,all,1475,fluctuation_r2,0.281654417514801,0.9999662041664124
0.6,0.5,0.6035011970554011,14170,1513,46,perturbation,observed,excitatory,1213,delta_activity_r2,0.23283596068069534,0.9999944512141725
0.6,0.5,0.6035011970554011,14170,1513,46,perturbation,observed,excitatory,1213,delta_fluctuation_r2,0.2313494086265564,0.9999021887779236
0.6,0.5,0.6035011970554011,14170,1513,46,perturbation,observed,inhibitory,300,delta_activity_r2,0.14943321032485068,0.9999877447803491
0.6,0.5,0.6035011970554011,14170,1513,46,perturbation,observed,inhibitory,300,delta_fluctuation_r2,0.3076450824737549,0.9999029636383057
0.6,0.5,0.6035011970554011,14170,1513,46,perturbation,heldout,excitatory,1168,delta_activity_r2,0.1617439191884794,0.999987213653462
0.6,0.5,0.6035011970554011,14170,1513,46,perturbation,heldout,excitatory,1168,delta_fluctuation_r2,0.15668445825576782,0.9998349547386169
0.6,0.5,0.6035011970554011,14170,1513,46,perturbation,heldout,inhibitory,230,delta_activity_r2,0.06183409000199236,0.9999941851928293
0.6,0.5,0.6035011970554011,14170,1513,46,perturbation,heldout,inhibitory,230,delta_fluctuation_r2,0.15873408317565918,0.9999248385429382
0.6,0.5,0.6035011970554011,14170,1513,46,perturbation,targeted,inhibitory,77,delta_activity_r2,0.1560452288694032,0.9999975087965575
0.6,0.5,0.6035011970554011,14170,1513,46,perturbation,targeted,inhibitory,77,delta_fluctuation_r2,0.32353347539901733,0.9999247789382935
0.7,0.5,0.7002652438509657,14334,1747,46,held_out,observed,all,1747,activity_r2,0.9546492438619539,0.9999976716607868
0.7,0.5,0.7002652438509657,14334,1747,46,held_out,observed,all,1747,fluctuation_r2,0.7496419548988342,0.9999157190322876
0.7,0.5,0.7002652438509657,14334,1747,46,held_out,heldout,all,1729,activity_r2,0.4467706829927436,0.9999984163153954
0.7,0.5,0.7002652438509657,14334,1747,46,held_out,heldout,all,1729,fluctuation_r2,0.42829424142837524,0.9999356269836426
0.7,0.5,0.7002652438509657,14334,1747,46,perturbation,observed,excitatory,1404,delta_activity_r2,0.4475864298245319,0.9996361555205235
0.7,0.5,0.7002652438509657,14334,1747,46,perturbation,observed,excitatory,1404,delta_fluctuation_r2,0.3699404001235962,0.9962396025657654
0.7,0.5,0.7002652438509657,14334,1747,46,perturbation,observed,inhibitory,343,delta_activity_r2,0.48032694139023047,0.999248154197557
0.7,0.5,0.7002652438509657,14334,1747,46,perturbation,observed,inhibitory,343,delta_fluctuation_r2,0.3900136351585388,0.9970927834510803
0.7,0.5,0.7002652438509657,14334,1747,46,perturbation,heldout,excitatory,1376,delta_activity_r2,0.423775773705629,0.9995041754790119
0.7,0.5,0.7002652438509657,14334,1747,46,perturbation,heldout,excitatory,1376,delta_fluctuation_r2,0.3077715039253235,0.9952824115753174
0.7,0.5,0.7002652438509657,14334,1747,46,perturbation,heldout,inhibitory,265,delta_activity_r2,0.4694163121949224,0.9997476821172286
0.7,0.5,0.7002652438509657,14334,1747,46,perturbation,heldout,inhibitory,265,delta_fluctuation_r2,0.3973066806793213,0.9976769685745239
0.7,0.5,0.7002652438509657,14334,1747,46,perturbation,targeted,inhibitory,88,delta_activity_r2,0.5094434045860508,0.9999680364945269
0.7,0.5,0.7002652438509657,14334,1747,46,perturbation,targeted,inhibitory,88,delta_fluctuation_r2,0.4089008569717407,0.9992072582244873
0.8,0.5,0.7994264346638915,14516,2000,46,held_out,observed,all,2000,activity_r2,0.9580656617089165,0.9999191143855346
0.8,0.5,0.7994264346638915,14516,2000,46,held_out,observed,all,2000,fluctuation_r2,0.7871323227882385,0.9973770976066589
0.8,0.5,0.7994264346638915,14516,2000,46,held_out,heldout,all,1970,activity_r2,0.5359961384850662,0.9999420274734587
0.8,0.5,0.7994264346638915,14516,2000,46,held_out,heldout,all,1970,fluctuation_r2,0.518781840801239,0.997856855392456
0.8,0.5,0.7994264346638915,14516,2000,46,perturbation,observed,excitatory,1604,delta_activity_r2,0.48594423202358483,0.9991759922073395
0.8,0.5,0.7994264346638915,14516,2000,46,perturbation,observed,excitatory,1604,delta_fluctuation_r2,0.4675363302230835,0.9941840767860413
0.8,0.5,0.7994264346638915,14516,2000,46,perturbation,observed,inhibitory,396,delta_activity_r2,0.7405379436539397,0.9993974323212677
0.8,0.5,0.7994264346638915,14516,2000,46,perturbation,observed,inhibitory,396,delta_fluctuation_r2,0.5766646265983582,0.9960845112800598
0.8,0.5,0.7994264346638915,14516,2000,46,perturbation,heldout,excitatory,1571,delta_activity_r2,0.5538950073460494,0.9991741512860838
0.8,0.5,0.7994264346638915,14516,2000,46,perturbation,heldout,excitatory,1571,delta_fluctuation_r2,0.4333035349845886,0.9934277534484863
0.8,0.5,0.7994264346638915,14516,2000,46,perturbation,heldout,inhibitory,299,delta_activity_r2,0.5236977580908104,0.9994561646102691
0.8,0.5,0.7994264346638915,14516,2000,46,perturbation,heldout,inhibitory,299,delta_fluctuation_r2,0.4825424551963806,0.99596107006073
0.8,0.5,0.7994264346638915,14516,2000,46,perturbation,targeted,inhibitory,100,delta_activity_r2,0.6142531972614041,0.9998708325044909
0.8,0.5,0.7994264346638915,14516,2000,46,perturbation,targeted,inhibitory,100,delta_fluctuation_r2,0.513092041015625,0.9975383281707764
0.9,0.5,0.8959434434592005,14752,2251,46,held_out,observed,all,2251,activity_r2,0.9680805895697726,0.9999051508903077
0.9,0.5,0.8959434434592005,14752,2251,46,held_out,observed,all,2251,fluctuation_r2,0.8386987447738647,0.9959408044815063
0.9,0.5,0.8959434434592005,14752,2251,46,held_out,heldout,all,2231,activity_r2,0.652644260894018,0.9999138222913306
0.9,0.5,0.8959434434592005,14752,2251,46,held_out,heldout,all,2231,fluctuation_r2,0.641211748123169,0.9971252083778381
0.9,0.5,0.8959434434592005,14752,2251,46,perturbation,observed,excitatory,1808,delta_activity_r2,0.8031250589457244,0.9992841945756045
0.9,0.5,0.8959434434592005,14752,2251,46,perturbation,observed,excitatory,1808,delta_fluctuation_r2,0.6701774597167969,0.9930503368377686
0.9,0.5,0.8959434434592005,14752,2251,46,perturbation,observed,inhibitory,443,delta_activity_r2,0.8446784994370733,0.9995547189828684
0.9,0.5,0.8959434434592005,14752,2251,46,perturbation,observed,inhibitory,443,delta_fluctuation_r2,0.6588762998580933,0.9943823218345642
0.9,0.5,0.8959434434592005,14752,2251,46,perturbation,heldout,excitatory,1789,delta_activity_r2,0.6449528507139521,0.9992704489714352
0.9,0.5,0.8959434434592005,14752,2251,46,perturbation,heldout,excitatory,1789,delta_fluctuation_r2,0.5573595762252808,0.9917896389961243
0.9,0.5,0.8959434434592005,14752,2251,46,perturbation,heldout,inhibitory,332,delta_activity_r2,0.8365591334313723,0.9994582419013379
0.9,0.5,0.8959434434592005,14752,2251,46,perturbation,heldout,inhibitory,332,delta_fluctuation_r2,0.6792156100273132,0.9951769709587097
0.9,0.5,0.8959434434592005,14752,2251,46,perturbation,targeted,inhibitory,110,delta_activity_r2,0.6028920770869333,0.9997752245138662
0.9,0.5,0.8959434434592005,14752,2251,46,perturbation,targeted,inhibitory,110,delta_fluctuation_r2,0.5984361171722412,0.9966620802879333
1.0,0.5,1.0,6,2500,46,held_out,observed,all,2500,activity_r2,0.9759346432000396,0.9999575354128026
1.0,0.5,1.0,6,2500,46,held_out,observed,all,2500,fluctuation_r2,0.937218189239502,0.9983283281326294
1.0,0.5,1.0,6,2500,46,held_out,heldout,all,2500,activity_r2,0.9798178101174786,0.9999619705676536
1.0,0.5,1.0,6,2500,46,held_out,heldout,all,2500,fluctuation_r2,0.9489957094192505,0.998790442943573
1.0,0.5,1.0,6,2500,46,perturbation,observed,excitatory,2008,delta_activity_r2,0.9260363120433818,0.998898772992081
1.0,0.5,1.0,6,2500,46,perturbation,observed,excitatory,2008,delta_fluctuation_r2,0.873231053352356,0.9936085939407349
1.0,0.5,1.0,6,2500,46,perturbation,observed,inhibitory,492,delta_activity_r2,0.9223445721009902,0.9989358081169131
1.0,0.5,1.0,6,2500,46,perturbation,observed,inhibitory,492,delta_fluctuation_r2,0.85993492603302,0.9945035576820374
1.0,0.5,1.0,6,2500,46,perturbation,heldout,excitatory,1992,delta_activity_r2,0.9311874036779951,0.9987962500780952
1.0,0.5,1.0,6,2500,46,perturbation,heldout,excitatory,1992,delta_fluctuation_r2,0.8603762984275818,0.9928380846977234
1.0,0.5,1.0,6,2500,46,perturbation,heldout,inhibitory,381,delta_activity_r2,0.890136636929422,0.9990352082591536
1.0,0.5,1.0,6,2500,46,perturbation,heldout,inhibitory,381,delta_fluctuation_r2,0.8490533232688904,0.9941109418869019
1.0,0.5,1.0,6,2500,46,perturbation,targeted,inhibitory,127,delta_activity_r2,0.969228952917441,0.9998677096494335
1.0,0.5,1.0,6,2500,46,perturbation,targeted,inhibitory,127,delta_fluctuation_r2,0.9178276658058167,0.9976190328598022
