error_model,level,mean_kappa_lost,seed,evaluation,group,cell_type,n_cells,metric,value,ceiling_value
neuron_removal,0.0,0.0,44,held_out,observed,all,2500,activity_r2,0.9869213464734578,0.9998987787282803
neuron_removal,0.0,0.0,44,held_out,observed,all,2500,fluctuation_r2,0.9770042896270752,0.9965047836303711
neuron_removal,0.0,0.0,44,held_out,unobserved,all,2500,activity_r2,0.9890697909802895,0.9999280613774816
neuron_removal,0.0,0.0,44,held_out,unobserved,all,2500,fluctuation_r2,0.9790369272232056,0.9966070652008057
neuron_removal,0.0,0.0,44,perturbation,observed,excitatory,1997,delta_activity_r2,0.9927746542608077,0.9990903952787733
neuron_removal,0.0,0.0,44,perturbation,observed,excitatory,1997,delta_fluctuation_r2,0.9574472904205322,0.9896460175514221
neuron_removal,0.0,0.0,44,perturbation,observed,inhibitory,503,delta_activity_r2,0.9786594510847968,0.9992718283716899
neuron_removal,0.0,0.0,44,perturbation,observed,inhibitory,503,delta_fluctuation_r2,0.9556331038475037,0.9937296509742737
neuron_removal,0.0,0.0,44,perturbation,unobserved,excitatory,2003,delta_activity_r2,0.9939245779413931,0.9993396584592613
neuron_removal,0.0,0.0,44,perturbation,unobserved,excitatory,2003,delta_fluctuation_r2,0.9615604281425476,0.9916563630104065
neuron_removal,0.0,0.0,44,perturbation,unobserved,inhibitory,373,delta_activity_r2,0.9831425955778255,0.9993146360140089
neuron_removal,0.0,0.0,44,perturbation,unobserved,inhibitory,373,delta_fluctuation_r2,0.9497366547584534,0.9927361607551575
neuron_removal,0.0,0.0,44,perturbation,targeted,inhibitory,124,delta_activity_r2,0.9845831617348068,0.9997619566864163
neuron_removal,0.0,0.0,44,perturbation,targeted,inhibitory,124,delta_fluctuation_r2,0.9571144580841064,0.9941699504852295
synapse_dropout,0.0,0.0,44,held_out,observed,all,2500,activity_r2,0.9869213464734578,0.9998987787282803
synapse_dropout,0.0,0.0,44,held_out,observed,all,2500,fluctuation_r2,0.9770042896270752,0.9965047836303711
synapse_dropout,0.0,0.0,44,held_out,unobserved,all,2500,activity_r2,0.9890697909802895,0.9999280613774816
synapse_dropout,0.0,0.0,44,held_out,unobserved,all,2500,fluctuation_r2,0.9790369272232056,0.9966070652008057
synapse_dropout,0.0,0.0,44,perturbation,observed,excitatory,1997,delta_activity_r2,0.9927746542608077,0.9990903952787733
synapse_dropout,0.0,0.0,44,perturbation,observed,excitatory,1997,delta_fluctuation_r2,0.9574472904205322,0.9896460175514221
synapse_dropout,0.0,0.0,44,perturbation,observed,inhibitory,503,delta_activity_r2,0.9786594510847968,0.9992718283716899
synapse_dropout,0.0,0.0,44,perturbation,observed,inhibitory,503,delta_fluctuation_r2,0.9556331038475037,0.9937296509742737
synapse_dropout,0.0,0.0,44,perturbation,unobserved,excitatory,2003,delta_activity_r2,0.9939245779413931,0.9993396584592613
synapse_dropout,0.0,0.0,44,perturbation,unobserved,excitatory,2003,delta_fluctuation_r2,0.9615604281425476,0.9916563630104065
synapse_dropout,0.0,0.0,44,perturbation,unobserved,inhibitory,373,delta_activity_r2,0.9831425955778255,0.9993146360140089
synapse_dropout,0.0,0.0,44,perturbation,unobserved,inhibitory,373,delta_fluctuation_r2,0.9497366547584534,0.9927361607551575
synapse_dropout,0.0,0.0,44,perturbation,targeted,inhibitory,124,delta_activity_r2,0.9845831617348068,0.9997619566864163
synapse_dropout,0.0,0.0,44,perturbation,targeted,inhibitory,124,delta_fluctuation_r2,0.9571144580841064,0.9941699504852295
neuron_removal,0.0,0.0,45,held_out,observed,all,2500,activity_r2,0.9751480415438672,0.9999623128108336
neuron_removal,0.0,0.0,45,held_out,observed,all,2500,fluctuation_r2,0.957813560962677,0.9983566999435425
neuron_removal,0.0,0.0,45,held_out,unobserved,all,2500,activity_r2,0.9602623368559104,0.9999311861979896
neuron_removal,0.0,0.0,45,held_out,unobserved,all,2500,fluctuation_r2,0.9386153221130371,0.9972561597824097
neuron_removal,0.0,0.0,45,perturbation,observed,excitatory,2009,delta_activity_r2,0.9754142887535316,0.9979564129813268
neuron_removal,0.0,0.0,45,perturbation,observed,excitatory,2009,delta_fluctuation_r2,0.9274914264678955,0.9889109134674072
neuron_removal,0.0,0.0,45,perturbation,observed,inhibitory,491,delta_activity_r2,0.9275510298082627,0.9980759737989183
neuron_removal,0.0,0.0,45,perturbation,observed,inhibitory,491,delta_fluctuation_r2,0.8862159252166748,0.990307092666626
neuron_removal,0.0,0.0,45,perturbation,unobserved,excitatory,1991,delta_activity_r2,0.9715756668072,0.9976549966878072
neuron_removal,0.0,0.0,45,perturbation,unobserved,excitatory,1991,delta_fluctuation_r2,0.9175490736961365,0.9867734313011169
neuron_removal,0.0,0.0,45,perturbation,unobserved,inhibitory,382,delta_activity_r2,0.9580100876703738,0.99812666966964
neuron_removal,0.0,0.0,45,perturbation,unobserved,inhibitory,382,delta_fluctuation_r2,0.8840134739875793,0.9886733889579773
neuron_removal,0.0,0.0,45,perturbation,targeted,inhibitory,127,delta_activity_r2,0.9455974200608586,0.9996333433883909
neuron_removal,0.0,0.0,45,perturbation,targeted,inhibitory,127,delta_fluctuation_r2,0.873412013053894,0.9928176999092102
synapse_dropout,0.0,0.0,45,held_out,observed,all,2500,activity_r2,0.9751480415438672,0.9999623128108336
synapse_dropout,0.0,0.0,45,held_out,observed,all,2500,fluctuation_r2,0.957813560962677,0.9983566999435425
synapse_dropout,0.0,0.0,45,held_out,unobserved,all,2500,activity_r2,0.9602623368559104,0.9999311861979896
synapse_dropout,0.0,0.0,45,held_out,unobserved,all,2500,fluctuation_r2,0.9386153221130371,0.9972561597824097
synapse_dropout,0.0,0.0,45,perturbation,observed,excitatory,2009,delta_activity_r2,0.9754142887535316,0.9979564129813268
synapse_dropout,0.0,0.0,45,perturbation,observed,excitatory,2009,delta_fluctuation_r2,0.9274914264678955,0.9889109134674072
synapse_dropout,0.0,0.0,45,perturbation,observed,inhibitory,491,delta_activity_r2,0.9275510298082627,0.9980759737989183
synapse_dropout,0.0,0.0,45,perturbation,observed,inhibitory,491,delta_fluctuation_r2,0.8862159252166748,0.990307092666626
synapse_dropout,0.0,0.0,45,perturbation,unobserved,excitatory,1991,delta_activity_r2,0.9715756668072,0.9976549966878072
synapse_dropout,0.0,0.0,45,perturbation,unobserved,excitatory,1991,delta_fluctuation_r2,0.9175490736961365,0.9867734313011169
synapse_dropout,0.0,0.0,45,perturbation,unobserved,inhibitory,382,delta_activity_r2,0.9580100876703738,0.99812666966964
synapse_dropout,0.0,0.0,45,perturbation,unobserved,inhibitory,382,delta_fluctuation_r2,0.8840134739875793,0.9886733889579773
synapse_dropout,0.0,0.0,45,perturbation,targeted,inhibitory,127,delta_activity_r2,0.9455974200608586,0.9996333433883909
synapse_dropout,0.0,0.0,45,perturbation,targeted,inhibitory,127,delta_fluctuation_r2,0.873412013053894,0.9928176999092102
neuron_removal,0.0,0.0,46,held_out,observed,all,2500,activity_r2,0.9967719258712946,0.9999190421459915
neuron_removal,0.0,0.0,46,held_out,observed,all,2500,fluctuation_r2,0.9870942831039429,0.9970271587371826
neuron_removal,0.0,0.0,46,held_out,unobserved,all,2500,activity_r2,0.9954389793081494,0.9999255618465349
neuron_removal,0.0,0.0,46,held_out,unobserved,all,2500,fluctuation_r2,0.9854671359062195,0.9972353577613831
neuron_removal,0.0,0.0,46,perturbation,observed,excitatory,1994,delta_activity_r2,0.9884345380381564,0.9991383530741371
neuron_removal,0.0,0.0,46,perturbation,observed,excitatory,1994,delta_fluctuation_r2,0.9526647329330444,0.9905200004577637
neuron_removal,0.0,0.0,46,perturbation,observed,inhibitory,506,delta_activity_r2,0.9930467982459935,0.9991319748784231
neuron_removal,0.0,0.0,46,perturbation,observed,inhibitory,506,delta_fluctuation_r2,0.9682515263557434,0.9927305579185486
neuron_removal,0.0,0.0,46,perturbation,unobserved,excitatory,2006,delta_activity_r2,0.9866666293872001,0.9992538134874229
neuron_removal,0.0,0.0,46,perturbation,unobserved,excitatory,2006,delta_fluctuation_r2,0.94724440574646,0.9907078742980957
neuron_removal,0.0,0.0,46,perturbation,unobserved,inhibitory,370,delta_activity_r2,0.9931903675234013,0.999195882119384
neuron_removal,0.0,0.0,46,perturbation,unobserved,inhibitory,370,delta_fluctuation_r2,0.9660775661468506,0.9933810234069824
neuron_removal,0.0,0.0,46,perturbation,targeted,inhibitory,124,delta_activity_r2,0.9940667289068827,0.9998688229674126
neuron_removal,0.0,0.0,46,perturbation,targeted,inhibitory,124,delta_fluctuation_r2,0.9823170900344849,0.9962241053581238
synapse_dropout,0.0,0.0,46,held_out,observed,all,2500,activity_r2,0.9967719258712946,0.9999190421459915
synapse_dropout,0.0,0.0,46,held_out,observed,all,2500,fluctuation_r2,0.9870942831039429,0.9970271587371826
synapse_dropout,0.0,0.0,46,held_out,unobserved,all,2500,activity_r2,0.9954389793081494,0.9999255618465349
synapse_dropout,0.0,0.0,46,held_out,unobserved,all,2500,fluctuation_r2,0.9854671359062195,0.9972353577613831
synapse_dropout,0.0,0.0,46,perturbation,observed,excitatory,1994,delta_activity_r2,0.9884345380381564,0.9991383530741371
synapse_dropout,0.0,0.0,46,perturbation,observed,excitatory,1994,delta_fluctuation_r2,0.9526647329330444,0.9905200004577637
synapse_dropout,0.0,0.0,46,perturbation,observed,inhibitory,506,delta_activity_r2,0.9930467982459935,0.9991319748784231
synapse_dropout,0.0,0.0,46,perturbation,observed,inhibitory,506,delta_fluctuation_r2,0.9682515263557434,0.9927305579185486
synapse_dropout,0.0,0.0,46,perturbation,unobserved,excitatory,2006,delta_activity_r2,0.9866666293872001,0.9992538134874229
synapse_dropout,0.0,0.0,46,perturbation,unobserved,excitatory,2006,delta_fluctuation_r2,0.94724440574646,0.9907078742980957
synapse_dropout,0.0,0.0,46,perturbation,unobserved,inhibitory,370,delta_activity_r2,0.9931903675234013,0.999195882119384
synapse_dropout,0.0,0.0,46,perturbation,unobserved,inhibitory,370,delta_fluctuation_r2,0.9660775661468506,0.9933810234069824
synapse_dropout,0.0,0.0,46,perturbation,targeted,inhibitory,124,delta_activity_r2,0.9940667289068827,0.9998688229674126
synapse_dropout,0.0,0.0,46,perturbation,targeted,inhibitory,124,delta_fluctuation_r2,0.9823170900344849,0.9962241053581238
neuron_removal,0.1,0.10219368740001013,44,held_out,observed,all,2250,activity_r2,0.7861088450402463,0.9998539409669409
neuron_removal,0.1,0.10219368740001013,44,held_out,observed,all,2250,fluctuation_r2,0.7319207191467285,0.9953953623771667
neuron_removal,0.1,0.10219368740001013,44,held_out,unobserved,all,2250,activity_r2,0.7324854367093961,0.9999057166809207
neuron_removal,0.1,0.10219368740001013,44,held_out,unobserved,all,2250,fluctuation_r2,0.6861154437065125,0.9958752393722534
neuron_removal,0.1,0.10219368740001013,44,perturbation,observed,excitatory,1805,delta_activity_r2,0.6230530073722762,0.9749027177448768
neuron_removal,0.1,0.10219368740001013,44,perturbation,observed,excitatory,1805,delta_fluctuation_r2,0.5668867826461792,0.9600048661231995
neuron_removal,0.1,0.10219368740001013,44,perturbation,observed,inhibitory,445,delta_activity_r2,0.7243989206437824,0.9733895905406934
neuron_removal,0.1,0.10219368740001013,44,perturbation,observed,inhibitory,445,delta_fluctuation_r2,0.6434980630874634,0.9667129516601562
neuron_removal,0.1,0.10219368740001013,44,perturbation,unobserved,excitatory,1797,delta_activity_r2,0.7301726659305425,0.9699178595553414
neuron_removal,0.1,0.10219368740001013,44,perturbation,unobserved,excitatory,1797,delta_fluctuation_r2,0.5938597917556763,0.9625239968299866
neuron_removal,0.1,0.10219368740001013,44,perturbation,unobserved,inhibitory,340,delta_activity_r2,0.766836916263284,0.9760824955323546
neuron_removal,0.1,0.10219368740001013,44,perturbation,unobserved,inhibitory,340,delta_fluctuation_r2,0.6739599704742432,0.9656848311424255
neuron_removal,0.1,0.10219368740001013,44,perturbation,targeted,inhibitory,113,delta_activity_r2,0.41318820373915,0.8640496743000861
neuron_removal,0.1,0.10219368740001013,44,perturbation,targeted,inhibitory,113,delta_fluctuation_r2,0.13338953256607056,0.789832592010498
neuron_removal,0.1,0.10041783876306919,45,held_out,observed,all,2250,activity_r2,0.7736701212153694,0.999899768413544
neuron_removal,0.1,0.10041783876306919,45,held_out,observed,all,2250,fluctuation_r2,0.7266172170639038,0.9970167875289917
neuron_removal,0.1,0.10041783876306919,45,held_out,unobserved,all,2250,activity_r2,0.6986392540770535,0.9999069594481713
neuron_removal,0.1,0.10041783876306919,45,held_out,unobserved,all,2250,fluctuation_r2,0.6691068410873413,0.9972795248031616
neuron_removal,0.1,0.10041783876306919,45,perturbation,observed,excitatory,1816,delta_activity_r2,0.5544278358461978,0.9986001342623364
neuron_removal,0.1,0.10041783876306919,45,perturbation,observed,excitatory,1816,delta_fluctuation_r2,0.5741682052612305,0.9891154170036316
neuron_removal,0.1,0.10041783876306919,45,perturbation,observed,inhibitory,434,delta_activity_r2,0.7249839183113516,0.9992992091700562
neuron_removal,0.1,0.10041783876306919,45,perturbation,observed,inhibitory,434,delta_fluctuation_r2,0.6483071446418762,0.9919517040252686
neuron_removal,0.1,0.10041783876306919,45,perturbation,unobserved,excitatory,1782,delta_activity_r2,0.771816281036584,0.9991342422322737
neuron_removal,0.1,0.10041783876306919,45,perturbation,unobserved,excitatory,1782,delta_fluctuation_r2,0.6518175601959229,0.9913959503173828
neuron_removal,0.1,0.10041783876306919,45,perturbation,unobserved,inhibitory,351,delta_activity_r2,0.6354048183942413,0.9986591489576008
neuron_removal,0.1,0.10041783876306919,45,perturbation,unobserved,inhibitory,351,delta_fluctuation_r2,0.5792617201805115,0.9909472465515137
neuron_removal,0.1,0.10041783876306919,45,perturbation,targeted,inhibitory,117,delta_activity_r2,0.6576425789498777,0.999567776705615
neuron_removal,0.1,0.10041783876306919,45,perturbation,targeted,inhibitory,117,delta_fluctuation_r2,0.5738074779510498,0.9926632046699524
neuron_removal,0.1,0.10685170390892737,46,held_out,observed,all,2250,activity_r2,0.9362087488694042,0.9998495992018825
neuron_removal,0.1,0.10685170390892737,46,held_out,observed,all,2250,fluctuation_r2,0.8811375498771667,0.995144784450531
neuron_removal,0.1,0.10685170390892737,46,held_out,unobserved,all,2250,activity_r2,0.9221096754817724,0.9998627093926211
neuron_removal,0.1,0.10685170390892737,46,held_out,unobserved,all,2250,fluctuation_r2,0.8696078062057495,0.9950215816497803
neuron_removal,0.1,0.10685170390892737,46,perturbation,observed,excitatory,1815,delta_activity_r2,0.8190967118062746,0.9973601534594746
neuron_removal,0.1,0.10685170390892737,46,perturbation,observed,excitatory,1815,delta_fluctuation_r2,0.7099890112876892,0.9811645150184631
neuron_removal,0.1,0.10685170390892737,46,perturbation,observed,inhibitory,435,delta_activity_r2,0.7768553275937765,0.9951443710825212
neuron_removal,0.1,0.10685170390892737,46,perturbation,observed,inhibitory,435,delta_fluctuation_r2,0.7500029802322388,0.9828292727470398
neuron_removal,0.1,0.10685170390892737,46,perturbation,unobserved,excitatory,1803,delta_activity_r2,0.8457445464126786,0.997368594795575
neuron_removal,0.1,0.10685170390892737,46,perturbation,unobserved,excitatory,1803,delta_fluctuation_r2,0.7571030855178833,0.9807379841804504
neuron_removal,0.1,0.10685170390892737,46,perturbation,unobserved,inhibitory,335,delta_activity_r2,0.8633410681936045,0.9969371543010466
neuron_removal,0.1,0.10685170390892737,46,perturbation,unobserved,inhibitory,335,delta_fluctuation_r2,0.7241873741149902,0.9832301735877991
neuron_removal,0.1,0.10685170390892737,46,perturbation,targeted,inhibitory,112,delta_activity_r2,0.8951875510128546,0.9995609485604806
neuron_removal,0.1,0.10685170390892737,46,perturbation,targeted,inhibitory,112,delta_fluctuation_r2,0.8331542611122131,0.9870588183403015
neuron_removal,0.2,0.2015908723577116,44,held_out,observed,all,2000,activity_r2,0.4717719321586704,0.9998055580766362
neuron_removal,0.2,0.2015908723577116,44,held_out,observed,all,2000,fluctuation_r2,0.4742726683616638,0.9915035963058472
neuron_removal,0.2,0.2015908723577116,44,held_out,unobserved,all,2000,activity_r2,0.5438457353952468,0.9997946934342359
neuron_removal,0.2,0.2015908723577116,44,held_out,unobserved,all,2000,fluctuation_r2,0.5445874929428101,0.9938390254974365
neuron_removal,0.2,0.2015908723577116,44,perturbation,observed,excitatory,1619,delta_activity_r2,0.419215333117964,0.9960961417409337
neuron_removal,0.2,0.2015908723577116,44,perturbation,observed,excitatory,1619,delta_fluctuation_r2,0.4741540551185608,0.9785406589508057
neuron_removal,0.2,0.2015908723577116,44,perturbation,observed,inhibitory,381,delta_activity_r2,0.6211065004048675,0.9970803750867917
neuron_removal,0.2,0.2015908723577116,44,perturbation,observed,inhibitory,381,delta_fluctuation_r2,0.4672161936759949,0.9734651446342468
neuron_removal,0.2,0.2015908723577116,44,perturbation,unobserved,excitatory,1581,delta_activity_r2,0.4050299867264411,0.9975781341637115
neuron_removal,0.2,0.2015908723577116,44,perturbation,unobserved,excitatory,1581,delta_fluctuation_r2,0.3817836046218872,0.973789393901825
neuron_removal,0.2,0.2015908723577116,44,perturbation,unobserved,inhibitory,314,delta_activity_r2,0.31527142966708466,0.9958859508447074
neuron_removal,0.2,0.2015908723577116,44,perturbation,unobserved,inhibitory,314,delta_fluctuation_r2,0.4630575180053711,0.9782153964042664
neuron_removal,0.2,0.2015908723577116,44,perturbation,targeted,inhibitory,105,delta_activity_r2,0.46833989996184644,0.9987739131990906
neuron_removal,0.2,0.2015908723577116,44,perturbation,targeted,inhibitory,105,delta_fluctuation_r2,0.5471517443656921,0.9885157942771912
neuron_removal,0.2,0.19516863733151718,45,held_out,observed,all,2000,activity_r2,0.6935741546780845,0.9998834379859218
neuron_removal,0.2,0.19516863733151718,45,held_out,observed,all,2000,fluctuation_r2,0.6301521062850952,0.9957087635993958
neuron_removal,0.2,0.19516863733151718,45,held_out,unobserved,all,2000,activity_r2,0.6726924562997123,0.999848765561962
neuron_removal,0.2,0.19516863733151718,45,held_out,unobserved,all,2000,fluctuation_r2,0.5916073322296143,0.9952448010444641
neuron_removal,0.2,0.19516863733151718,45,perturbation,observed,excitatory,1578,delta_activity_r2,0.43009430370958,0.9990857853122364
neuron_removal,0.2,0.19516863733151718,45,perturbation,observed,excitatory,1578,delta_fluctuation_r2,0.40236717462539673,0.9877651333808899
neuron_removal,0.2,0.19516863733151718,45,perturbation,observed,inhibitory,422,delta_activity_r2,0.659224548590357,0.9991268509381821
neuron_removal,0.2,0.19516863733151718,45,perturbation,observed,inhibitory,422,delta_fluctuation_r2,0.5418817400932312,0.9901779294013977
neuron_removal,0.2,0.19516863733151718,45,perturbation,unobserved,excitatory,1611,delta_activity_r2,0.43956004230442214,0.9985557595361246
neuron_removal,0.2,0.19516863733151718,45,perturbation,unobserved,excitatory,1611,delta_fluctuation_r2,0.40497905015945435,0.9869474768638611
neuron_removal,0.2,0.19516863733151718,45,perturbation,unobserved,inhibitory,292,delta_activity_r2,0.4267381549582412,0.9990729824718737
neuron_removal,0.2,0.19516863733151718,45,perturbation,unobserved,inhibitory,292,delta_fluctuation_r2,0.44108128547668457,0.9911743998527527
neuron_removal,0.2,0.19516863733151718,45,perturbation,targeted,inhibitory,97,delta_activity_r2,0.582831987014995,0.9995428615408041
neuron_removal,0.2,0.19516863733151718,45,perturbation,targeted,inhibitory,97,delta_fluctuation_r2,0.4878354072570801,0.991669774055481
neuron_removal,0.2,0.21021948502913865,46,held_out,observed,all,2000,activity_r2,0.7177500024065523,0.999833843366034
neuron_removal,0.2,0.21021948502913865,46,held_out,observed,all,2000,fluctuation_r2,0.6728328466415405,0.9936352968215942
neuron_removal,0.2,0.21021948502913865,46,held_out,unobserved,all,2000,activity_r2,0.8213446281959691,0.9998377051374
neuron_removal,0.2,0.21021948502913865,46,held_out,unobserved,all,2000,fluctuation_r2,0.75491863489151,0.994784951210022
neuron_removal,0.2,0.21021948502913865,46,perturbation,observed,excitatory,1619,delta_activity_r2,0.5044205908885437,0.9979613834202289
neuron_removal,0.2,0.21021948502913865,46,perturbation,observed,excitatory,1619,delta_fluctuation_r2,0.48282259702682495,0.9738216996192932
neuron_removal,0.2,0.21021948502913865,46,perturbation,observed,inhibitory,381,delta_activity_r2,0.6401581952610489,0.9973095043242172
neuron_removal,0.2,0.21021948502913865,46,perturbation,observed,inhibitory,381,delta_fluctuation_r2,0.5612214803695679,0.9779308438301086
neuron_removal,0.2,0.21021948502913865,46,perturbation,unobserved,excitatory,1609,delta_activity_r2,0.6610212452377724,0.9972566541882768
neuron_removal,0.2,0.21021948502913865,46,perturbation,unobserved,excitatory,1609,delta_fluctuation_r2,0.6157107353210449,0.9763762950897217
neuron_removal,0.2,0.21021948502913865,46,perturbation,unobserved,inhibitory,293,delta_activity_r2,0.7083020283122459,0.9985291647540837
neuron_removal,0.2,0.21021948502913865,46,perturbation,unobserved,inhibitory,293,delta_fluctuation_r2,0.5819591283798218,0.9839407205581665
neuron_removal,0.2,0.21021948502913865,46,perturbation,targeted,inhibitory,98,delta_activity_r2,0.8600750342659352,0.9987672142177477
neuron_removal,0.2,0.21021948502913865,46,perturbation,targeted,inhibitory,98,delta_fluctuation_r2,0.7493922710418701,0.9866775274276733
neuron_removal,0.3,0.3050430592765143,44,held_out,observed,all,1750,activity_r2,0.3696634067134782,0.9997840257901462
neuron_removal,0.3,0.3050430592765143,44,held_out,observed,all,1750,fluctuation_r2,0.36244654655456543,0.9900237321853638
neuron_removal,0.3,0.3050430592765143,44,held_out,unobserved,all,1750,activity_r2,0.3610684813113807,0.9997620275449516
neuron_removal,0.3,0.3050430592765143,44,held_out,unobserved,all,1750,fluctuation_r2,0.32511311769485474,0.9883773326873779
neuron_removal,0.3,0.3050430592765143,44,perturbation,observed,excitatory,1415,delta_activity_r2,0.44826564372027344,0.9925489133516462
neuron_removal,0.3,0.3050430592765143,44,perturbation,observed,excitatory,1415,delta_fluctuation_r2,0.3958424925804138,0.9649888873100281
neuron_removal,0.3,0.3050430592765143,44,perturbation,observed,inhibitory,335,delta_activity_r2,0.4214806467803912,0.9931413471043495
neuron_removal,0.3,0.3050430592765143,44,perturbation,observed,inhibitory,335,delta_fluctuation_r2,0.3079048991203308,0.9690152406692505
neuron_removal,0.3,0.3050430592765143,44,perturbation,unobserved,excitatory,1387,delta_activity_r2,0.2587087917815707,0.9858767886788578
neuron_removal,0.3,0.3050430592765143,44,perturbation,unobserved,excitatory,1387,delta_fluctuation_r2,0.2372673749923706,0.9544749855995178
neuron_removal,0.3,0.3050430592765143,44,perturbation,unobserved,inhibitory,272,delta_activity_r2,0.36090864507300613,0.9935564950721335
neuron_removal,0.3,0.3050430592765143,44,perturbation,unobserved,inhibitory,272,delta_fluctuation_r2,0.257473886013031,0.9634349346160889
neuron_removal,0.3,0.3050430592765143,44,perturbation,targeted,inhibitory,91,delta_activity_r2,0.287444903428707,0.9990181878615672
neuron_removal,0.3,0.3050430592765143,44,perturbation,targeted,inhibitory,91,delta_fluctuation_r2,0.2109050154685974,0.9718458652496338
neuron_removal,0.3,0.299183799163844,45,held_out,observed,all,1750,activity_r2,0.3798760968094622,0.9997530900461707
neuron_removal,0.3,0.299183799163844,45,held_out,observed,all,1750,fluctuation_r2,0.3571009635925293,0.9916619658470154
neuron_removal,0.3,0.299183799163844,45,held_out,unobserved,all,1750,activity_r2,0.40715280089112194,0.9998358238246695
neuron_removal,0.3,0.299183799163844,45,held_out,unobserved,all,1750,fluctuation_r2,0.39018815755844116,0.9924007058143616
neuron_removal,0.3,0.299183799163844,45,perturbation,observed,excitatory,1388,delta_activity_r2,0.23986056443343684,0.9901694245515045
neuron_removal,0.3,0.299183799163844,45,perturbation,observed,excitatory,1388,delta_fluctuation_r2,0.2659412622451782,0.9667588472366333
neuron_removal,0.3,0.299183799163844,45,perturbation,observed,inhibitory,362,delta_activity_r2,0.42471082845089125,0.9916128011228443
neuron_removal,0.3,0.299183799163844,45,perturbation,observed,inhibitory,362,delta_fluctuation_r2,0.3671942353248596,0.9733418226242065
neuron_removal,0.3,0.299183799163844,45,perturbation,unobserved,excitatory,1414,delta_activity_r2,0.41404804114037064,0.9880510974552755
neuron_removal,0.3,0.299183799163844,45,perturbation,unobserved,excitatory,1414,delta_fluctuation_r2,0.3578224778175354,0.9631410837173462
neuron_removal,0.3,0.299183799163844,45,perturbation,unobserved,inhibitory,252,delta_activity_r2,0.3939851939492168,0.9960519004672347
neuron_removal,0.3,0.299183799163844,45,perturbation,unobserved,inhibitory,252,delta_fluctuation_r2,0.312100350856781,0.9685341119766235
neuron_removal,0.3,0.299183799163844,45,perturbation,targeted,inhibitory,84,delta_activity_r2,0.4877958181668638,0.9991809407456244
neuron_removal,0.3,0.299183799163844,45,perturbation,targeted,inhibitory,84,delta_fluctuation_r2,0.3052908778190613,0.9714926481246948
neuron_removal,0.3,0.3063506866462997,46,held_out,observed,all,1750,activity_r2,0.6079017590181834,0.9998139355494179
neuron_removal,0.3,0.3063506866462997,46,held_out,observed,all,1750,fluctuation_r2,0.5169369578361511,0.9947582483291626
neuron_removal,0.3,0.3063506866462997,46,held_out,unobserved,all,1750,activity_r2,0.37211378504066916,0.9998227612847217
neuron_removal,0.3,0.3063506866462997,46,held_out,unobserved,all,1750,fluctuation_r2,0.3658478260040283,0.9948957562446594
neuron_removal,0.3,0.3063506866462997,46,perturbation,observed,excitatory,1407,delta_activity_r2,0.27986297362545465,0.9945564850486304
neuron_removal,0.3,0.3063506866462997,46,perturbation,observed,excitatory,1407,delta_fluctuation_r2,0.391290545463562,0.9832233786582947
neuron_removal,0.3,0.3063506866462997,46,perturbation,observed,inhibitory,343,delta_activity_r2,0.16032688904127324,0.9921388514355123
neuron_removal,0.3,0.3063506866462997,46,perturbation,observed,inhibitory,343,delta_fluctuation_r2,0.19827085733413696,0.9810667037963867
neuron_removal,0.3,0.3063506866462997,46,perturbation,unobserved,excitatory,1410,delta_activity_r2,0.1313514051497423,0.9948429955245341
neuron_removal,0.3,0.3063506866462997,46,perturbation,unobserved,excitatory,1410,delta_fluctuation_r2,0.29941725730895996,0.9798972606658936
neuron_removal,0.3,0.3063506866462997,46,perturbation,unobserved,inhibitory,255,delta_activity_r2,0.0018853749913996243,0.9960890448776009
neuron_removal,0.3,0.3063506866462997,46,perturbation,unobserved,inhibitory,255,delta_fluctuation_r2,0.15511751174926758,0.9837362170219421
neuron_removal,0.3,0.3063506866462997,46,perturbation,targeted,inhibitory,85,delta_activity_r2,0.06544158490134644,0.9995468262709672
neuron_removal,0.3,0.3063506866462997,46,perturbation,targeted,inhibitory,85,delta_fluctuation_r2,0.2697831392288208,0.9909334778785706
neuron_removal,0.4,0.41418088163158956,44,held_out,observed,all,1500,activity_r2,0.22391611096566622,0.9995984874501554
neuron_removal,0.4,0.41418088163158956,44,held_out,observed,all,1500,fluctuation_r2,0.18869781494140625,0.9845321774482727
neuron_removal,0.4,0.41418088163158956,44,held_out,unobserved,all,1500,activity_r2,0.07130808433020752,0.9996427300078833
neuron_removal,0.4,0.41418088163158956,44,held_out,unobserved,all,1500,fluctuation_r2,0.11093908548355103,0.9833282232284546
neuron_removal,0.4,0.41418088163158956,44,perturbation,observed,excitatory,1213,delta_activity_r2,0.44635106980598593,0.9875276641500288
neuron_removal,0.4,0.41418088163158956,44,perturbation,observed,excitatory,1213,delta_fluctuation_r2,0.25360333919525146,0.9434660077095032
neuron_removal,0.4,0.41418088163158956,44,perturbation,observed,inhibitory,287,delta_activity_r2,0.0832712969014362,0.9875178253059881
neuron_removal,0.4,0.41418088163158956,44,perturbation,observed,inhibitory,287,delta_fluctuation_r2,0.06348592042922974,0.9364925622940063
neuron_removal,0.4,0.41418088163158956,44,perturbation,unobserved,excitatory,1216,delta_activity_r2,0.1412627936601316,0.9908522802991245
neuron_removal,0.4,0.41418088163158956,44,perturbation,unobserved,excitatory,1216,delta_fluctuation_r2,0.18241113424301147,0.9427940845489502
neuron_removal,0.4,0.41418088163158956,44,perturbation,unobserved,inhibitory,213,delta_activity_r2,0.48989884701810393,0.9946235633292622
neuron_removal,0.4,0.41418088163158956,44,perturbation,unobserved,inhibitory,213,delta_fluctuation_r2,0.1834779977798462,0.956440806388855
neuron_removal,0.4,0.41418088163158956,44,perturbation,targeted,inhibitory,71,delta_activity_r2,-0.1816910234541287,0.9938229846409894
neuron_removal,0.4,0.41418088163158956,44,perturbation,targeted,inhibitory,71,delta_fluctuation_r2,0.12282264232635498,0.9633665680885315
neuron_removal,0.4,0.4007813266971108,45,held_out,observed,all,1500,activity_r2,0.11280193243816883,0.999495437934554
neuron_removal,0.4,0.4007813266971108,45,held_out,observed,all,1500,fluctuation_r2,0.12157094478607178,0.9855068325996399
neuron_removal,0.4,0.4007813266971108,45,held_out,unobserved,all,1500,activity_r2,0.28752669997558233,0.9994504254099211
neuron_removal,0.4,0.4007813266971108,45,held_out,unobserved,all,1500,fluctuation_r2,0.23560160398483276,0.9831946492195129
neuron_removal,0.4,0.4007813266971108,45,perturbation,observed,excitatory,1222,delta_activity_r2,0.16810056212207314,0.9919845757690395
neuron_removal,0.4,0.4007813266971108,45,perturbation,observed,excitatory,1222,delta_fluctuation_r2,0.19532620906829834,0.9517716765403748
neuron_removal,0.4,0.4007813266971108,45,perturbation,observed,inhibitory,278,delta_activity_r2,0.2383320779578988,0.9839157584060129
neuron_removal,0.4,0.4007813266971108,45,perturbation,observed,inhibitory,278,delta_fluctuation_r2,0.06578958034515381,0.945600152015686
neuron_removal,0.4,0.4007813266971108,45,perturbation,unobserved,excitatory,1183,delta_activity_r2,0.20774750866471414,0.9892280714125247
neuron_removal,0.4,0.4007813266971108,45,perturbation,unobserved,excitatory,1183,delta_fluctuation_r2,0.1721366047859192,0.9431548714637756
neuron_removal,0.4,0.4007813266971108,45,perturbation,unobserved,inhibitory,238,delta_activity_r2,0.12302133826448425,0.9888664080657747
neuron_removal,0.4,0.4007813266971108,45,perturbation,unobserved,inhibitory,238,delta_fluctuation_r2,0.11501884460449219,0.9547860026359558
neuron_removal,0.4,0.4007813266971108,45,perturbation,targeted,inhibitory,79,delta_activity_r2,0.004516478408404967,0.9988945505002254
neuron_removal,0.4,0.4007813266971108,45,perturbation,targeted,inhibitory,79,delta_fluctuation_r2,-0.0453183650970459,0.9666396379470825
neuron_removal,0.4,0.40336282325240197,46,held_out,observed,all,1500,activity_r2,0.38551856013179076,0.999758603567549
neuron_removal,0.4,0.40336282325240197,46,held_out,observed,all,1500,fluctuation_r2,0.3691408038139343,0.9909777045249939
neuron_removal,0.4,0.40336282325240197,46,held_out,unobserved,all,1500,activity_r2,0.32516751066969696,0.9996766822144733
neuron_removal,0.4,0.40336282325240197,46,held_out,unobserved,all,1500,fluctuation_r2,0.3233531713485718,0.9918072819709778
neuron_removal,0.4,0.40336282325240197,46,perturbation,observed,excitatory,1187,delta_activity_r2,0.25124569874192004,0.9958621742254081
neuron_removal,0.4,0.40336282325240197,46,perturbation,observed,excitatory,1187,delta_fluctuation_r2,0.2659297585487366,0.9753448367118835
neuron_removal,0.4,0.40336282325240197,46,perturbation,observed,inhibitory,313,delta_activity_r2,0.19684969787343154,0.9967416320473369
neuron_removal,0.4,0.40336282325240197,46,perturbation,observed,inhibitory,313,delta_fluctuation_r2,0.20409363508224487,0.972285807132721
neuron_removal,0.4,0.40336282325240197,46,perturbation,unobserved,excitatory,1223,delta_activity_r2,0.3148303351531436,0.991878478801317
neuron_removal,0.4,0.40336282325240197,46,perturbation,unobserved,excitatory,1223,delta_fluctuation_r2,0.2826352119445801,0.9720520377159119
neuron_removal,0.4,0.40336282325240197,46,perturbation,unobserved,inhibitory,208,delta_activity_r2,0.17061379584787195,0.9940482825140045
neuron_removal,0.4,0.40336282325240197,46,perturbation,unobserved,inhibitory,208,delta_fluctuation_r2,0.2215968370437622,0.9766533970832825
neuron_removal,0.4,0.40336282325240197,46,perturbation,targeted,inhibitory,69,delta_activity_r2,0.3063366732723867,0.9990446604961402
neuron_removal,0.4,0.40336282325240197,46,perturbation,targeted,inhibitory,69,delta_fluctuation_r2,0.16197407245635986,0.9785873293876648
neuron_removal,0.5,0.5121644475964321,44,held_out,observed,all,1250,activity_r2,0.056882177517058485,0.998578943794773
neuron_removal,0.5,0.5121644475964321,44,held_out,observed,all,1250,fluctuation_r2,0.07013106346130371,0.9655101895332336
neuron_removal,0.5,0.5121644475964321,44,held_out,unobserved,all,1250,activity_r2,0.08624213800765035,0.9987768409840174
neuron_removal,0.5,0.5121644475964321,44,held_out,unobserved,all,1250,fluctuation_r2,0.048216402530670166,0.9678143858909607
neuron_removal,0.5,0.5121644475964321,44,perturbation,observed,excitatory,1011,delta_activity_r2,0.22147236051498986,0.9874448125258874
neuron_removal,0.5,0.5121644475964321,44,perturbation,observed,excitatory,1011,delta_fluctuation_r2,0.13874047994613647,0.893647313117981
neuron_removal,0.5,0.5121644475964321,44,perturbation,observed,inhibitory,239,delta_activity_r2,-0.002805687755297326,0.9838464411764155
neuron_removal,0.5,0.5121644475964321,44,perturbation,observed,inhibitory,239,delta_fluctuation_r2,-0.004364490509033203,0.9079512357711792
neuron_removal,0.5,0.5121644475964321,44,perturbation,unobserved,excitatory,1011,delta_activity_r2,0.18224135788108586,0.9806608368502839
neuron_removal,0.5,0.5121644475964321,44,perturbation,unobserved,excitatory,1011,delta_fluctuation_r2,0.14286446571350098,0.8917362093925476
neuron_removal,0.5,0.5121644475964321,44,perturbation,unobserved,inhibitory,179,delta_activity_r2,-0.3923136154584814,0.9714627787770421
neuron_removal,0.5,0.5121644475964321,44,perturbation,unobserved,inhibitory,179,delta_fluctuation_r2,-0.08738863468170166,0.8996207118034363
neuron_removal,0.5,0.5121644475964321,44,perturbation,targeted,inhibitory,60,delta_activity_r2,-0.9358142374699832,0.9968673999312955
neuron_removal,0.5,0.5121644475964321,44,perturbation,targeted,inhibitory,60,delta_fluctuation_r2,-0.6437466144561768,0.9164966344833374
neuron_removal,0.5,0.49442186239182656,45,held_out,observed,all,1250,activity_r2,0.23737706468705344,0.9989688591896149
neuron_removal,0.5,0.49442186239182656,45,held_out,observed,all,1250,fluctuation_r2,0.20583772659301758,0.9755117297172546
neuron_removal,0.5,0.49442186239182656,45,held_out,unobserved,all,1250,activity_r2,0.17133372135943337,0.9993082654576638
neuron_removal,0.5,0.49442186239182656,45,held_out,unobserved,all,1250,fluctuation_r2,0.15867549180984497,0.984525740146637
neuron_removal,0.5,0.49442186239182656,45,perturbation,observed,excitatory,992,delta_activity_r2,0.02488654687787828,0.8745031514396725
neuron_removal,0.5,0.49442186239182656,45,perturbation,observed,excitatory,992,delta_fluctuation_r2,0.09782058000564575,0.8812066316604614
neuron_removal,0.5,0.49442186239182656,45,perturbation,observed,inhibitory,258,delta_activity_r2,0.07711699838820185,0.8315420190479187
neuron_removal,0.5,0.49442186239182656,45,perturbation,observed,inhibitory,258,delta_fluctuation_r2,0.05612438917160034,0.8618779182434082
neuron_removal,0.5,0.49442186239182656,45,perturbation,unobserved,excitatory,999,delta_activity_r2,0.4560828370937273,0.943350503079825
neuron_removal,0.5,0.49442186239182656,45,perturbation,unobserved,excitatory,999,delta_fluctuation_r2,0.20758384466171265,0.8966535329818726
neuron_removal,0.5,0.49442186239182656,45,perturbation,unobserved,inhibitory,188,delta_activity_r2,0.006445927382794259,0.7095345812347995
neuron_removal,0.5,0.49442186239182656,45,perturbation,unobserved,inhibitory,188,delta_fluctuation_r2,0.05421203374862671,0.8067052960395813
neuron_removal,0.5,0.49442186239182656,45,perturbation,targeted,inhibitory,63,delta_activity_r2,-0.40503424471225147,0.993684153941299
neuron_removal,0.5,0.49442186239182656,45,perturbation,targeted,inhibitory,63,delta_fluctuation_r2,-0.10255026817321777,0.9440955519676208
neuron_removal,0.5,0.5035207491774141,46,held_out,observed,all,1250,activity_r2,0.40426759478573115,0.9991989215027838
neuron_removal,0.5,0.5035207491774141,46,held_out,observed,all,1250,fluctuation_r2,0.3313814401626587,0.9756075739860535
neuron_removal,0.5,0.5035207491774141,46,held_out,unobserved,all,1250,activity_r2,0.22590753176931289,0.9983820434610373
neuron_removal,0.5,0.5035207491774141,46,held_out,unobserved,all,1250,fluctuation_r2,0.2257002592086792,0.9554376006126404
neuron_removal,0.5,0.5035207491774141,46,perturbation,observed,excitatory,1000,delta_activity_r2,0.4873521903517368,0.989003035463108
neuron_removal,0.5,0.5035207491774141,46,perturbation,observed,excitatory,1000,delta_fluctuation_r2,0.2098793387413025,0.9282477498054504
neuron_removal,0.5,0.5035207491774141,46,perturbation,observed,inhibitory,250,delta_activity_r2,0.5586781426925393,0.9852639190051128
neuron_removal,0.5,0.5035207491774141,46,perturbation,observed,inhibitory,250,delta_fluctuation_r2,0.15221035480499268,0.9256691932678223
neuron_removal,0.5,0.5035207491774141,46,perturbation,unobserved,excitatory,1010,delta_activity_r2,0.20853042781888387,0.9872308213044106
neuron_removal,0.5,0.5035207491774141,46,perturbation,unobserved,excitatory,1010,delta_fluctuation_r2,0.16019636392593384,0.9062892198562622
neuron_removal,0.5,0.5035207491774141,46,perturbation,unobserved,inhibitory,180,delta_activity_r2,0.31189859503920603,0.9643249774828301
neuron_removal,0.5,0.5035207491774141,46,perturbation,unobserved,inhibitory,180,delta_fluctuation_r2,0.18235176801681519,0.890972375869751
neuron_removal,0.5,0.5035207491774141,46,perturbation,targeted,inhibitory,60,delta_activity_r2,-0.3728303777863049,0.9904718243865083
neuron_removal,0.5,0.5035207491774141,46,perturbation,targeted,inhibitory,60,delta_fluctuation_r2,0.012968301773071289,0.9215335249900818
synapse_dropout,0.1,0.10061470438912809,44,held_out,observed,all,2500,activity_r2,0.8334858916493486,0.9998987787282803
synapse_dropout,0.1,0.10061470438912809,44,held_out,observed,all,2500,fluctuation_r2,0.7748702764511108,0.9965047836303711
synapse_dropout,0.1,0.10061470438912809,44,held_out,unobserved,all,2500,activity_r2,0.7169489777926767,0.9999280613774816
synapse_dropout,0.1,0.10061470438912809,44,held_out,unobserved,all,2500,fluctuation_r2,0.6876894235610962,0.9966070652008057
synapse_dropout,0.1,0.10061470438912809,44,perturbation,observed,excitatory,1997,delta_activity_r2,0.7070664011516301,0.9990903952787733
synapse_dropout,0.1,0.10061470438912809,44,perturbation,observed,excitatory,1997,delta_fluctuation_r2,0.631445050239563,0.9896460175514221
synapse_dropout,0.1,0.10061470438912809,44,perturbation,observed,inhibitory,503,delta_activity_r2,0.770141585426053,0.9992718283716899
synapse_dropout,0.1,0.10061470438912809,44,perturbation,observed,inhibitory,503,delta_fluctuation_r2,0.6775705218315125,0.9937296509742737
synapse_dropout,0.1,0.10061470438912809,44,perturbation,unobserved,excitatory,2003,delta_activity_r2,0.7609511361561514,0.9993396584592613
synapse_dropout,0.1,0.10061470438912809,44,perturbation,unobserved,excitatory,2003,delta_fluctuation_r2,0.6498875617980957,0.9916563630104065
synapse_dropout,0.1,0.10061470438912809,44,perturbation,unobserved,inhibitory,373,delta_activity_r2,0.6664710131586488,0.9993146360140089
synapse_dropout,0.1,0.10061470438912809,44,perturbation,unobserved,inhibitory,373,delta_fluctuation_r2,0.6010249257087708,0.9927361607551575
synapse_dropout,0.1,0.10061470438912809,44,perturbation,targeted,inhibitory,124,delta_activity_r2,0.431882143754609,0.9997619566864163
synapse_dropout,0.1,0.10061470438912809,44,perturbation,targeted,inhibitory,124,delta_fluctuation_r2,0.44691145420074463,0.9941699504852295
synapse_dropout,0.1,0.09810805069979918,45,held_out,observed,all,2500,activity_r2,0.8106724304745281,0.9999623128108336
synapse_dropout,0.1,0.09810805069979918,45,held_out,observed,all,2500,fluctuation_r2,0.7392967939376831,0.9983566999435425
synapse_dropout,0.1,0.09810805069979918,45,held_out,unobserved,all,2500,activity_r2,0.7120419930037414,0.9999311861979896
synapse_dropout,0.1,0.09810805069979918,45,held_out,unobserved,all,2500,fluctuation_r2,0.6570781469345093,0.9972561597824097
synapse_dropout,0.1,0.09810805069979918,45,perturbation,observed,excitatory,2009,delta_activity_r2,0.7275616855137929,0.9979501647970905
synapse_dropout,0.1,0.09810805069979918,45,perturbation,observed,excitatory,2009,delta_fluctuation_r2,0.6097144484519958,0.9889018535614014
synapse_dropout,0.1,0.09810805069979918,45,perturbation,observed,inhibitory,491,delta_activity_r2,0.615588097100157,0.9980843879857418
synapse_dropout,0.1,0.09810805069979918,45,perturbation,observed,inhibitory,491,delta_fluctuation_r2,0.5207569599151611,0.9903147220611572
synapse_dropout,0.1,0.09810805069979918,45,perturbation,unobserved,excitatory,1991,delta_activity_r2,0.6082327984357356,0.9976579611240349
synapse_dropout,0.1,0.09810805069979918,45,perturbation,unobserved,excitatory,1991,delta_fluctuation_r2,0.554980993270874,0.9868009090423584
synapse_dropout,0.1,0.09810805069979918,45,perturbation,unobserved,inhibitory,382,delta_activity_r2,0.6892815933497042,0.9981505422620792
synapse_dropout,0.1,0.09810805069979918,45,perturbation,unobserved,inhibitory,382,delta_fluctuation_r2,0.5590770244598389,0.9887239933013916
synapse_dropout,0.1,0.09810805069979918,45,perturbation,targeted,inhibitory,127,delta_activity_r2,0.4395916117263886,0.9996409389213724
synapse_dropout,0.1,0.09810805069979918,45,perturbation,targeted,inhibitory,127,delta_fluctuation_r2,0.36731600761413574,0.9928293228149414
synapse_dropout,0.1,0.10056135302166802,46,held_out,observed,all,2500,activity_r2,0.7629095932231451,0.9999190421459915
synapse_dropout,0.1,0.10056135302166802,46,held_out,observed,all,2500,fluctuation_r2,0.7373006343841553,0.9970271587371826
synapse_dropout,0.1,0.10056135302166802,46,held_out,unobserved,all,2500,activity_r2,0.8404830344545511,0.9999255618465349
synapse_dropout,0.1,0.10056135302166802,46,held_out,unobserved,all,2500,fluctuation_r2,0.7923558950424194,0.9972353577613831
synapse_dropout,0.1,0.10056135302166802,46,perturbation,observed,excitatory,1994,delta_activity_r2,0.799248752075505,0.9991383530741371
synapse_dropout,0.1,0.10056135302166802,46,perturbation,observed,excitatory,1994,delta_fluctuation_r2,0.6803874969482422,0.9905200004577637
synapse_dropout,0.1,0.10056135302166802,46,perturbation,observed,inhibitory,506,delta_activity_r2,0.7567515409824512,0.9991319748784231
synapse_dropout,0.1,0.10056135302166802,46,perturbation,observed,inhibitory,506,delta_fluctuation_r2,0.6711935997009277,0.9927305579185486
synapse_dropout,0.1,0.10056135302166802,46,perturbation,unobserved,excitatory,2006,delta_activity_r2,0.7729254568581505,0.9992538134874229
synapse_dropout,0.1,0.10056135302166802,46,perturbation,unobserved,excitatory,2006,delta_fluctuation_r2,0.6793190240859985,0.9907078742980957
synapse_dropout,0.1,0.10056135302166802,46,perturbation,unobserved,inhibitory,370,delta_activity_r2,0.6807800053657063,0.999195882119384
synapse_dropout,0.1,0.10056135302166802,46,perturbation,unobserved,inhibitory,370,delta_fluctuation_r2,0.6711717844009399,0.9933810234069824
synapse_dropout,0.1,0.10056135302166802,46,perturbation,targeted,inhibitory,124,delta_activity_r2,0.8424039486546699,0.9998688229674126
synapse_dropout,0.1,0.10056135302166802,46,perturbation,targeted,inhibitory,124,delta_fluctuation_r2,0.7441732883453369,0.9962241053581238
synapse_dropout,0.2,0.19950495211395736,44,held_out,observed,all,2500,activity_r2,0.7097061762817667,0.9998987787282803
synapse_dropout,0.2,0.19950495211395736,44,held_out,observed,all,2500,fluctuation_r2,0.6350237131118774,0.9965047836303711
synapse_dropout,0.2,0.19950495211395736,44,held_out,unobserved,all,2500,activity_r2,0.5797390682218562,0.9999280613774816
synapse_dropout,0.2,0.19950495211395736,44,held_out,unobserved,all,2500,fluctuation_r2,0.5470113754272461,0.9966070652008057
synapse_dropout,0.2,0.19950495211395736,44,perturbation,observed,excitatory,1997,delta_activity_r2,0.49358369775505073,0.9990903952787733
synapse_dropout,0.2,0.19950495211395736,44,perturbation,observed,excitatory,1997,delta_fluctuation_r2,0.45777297019958496,0.9896460175514221
synapse_dropout,0.2,0.19950495211395736,44,perturbation,observed,inhibitory,503,delta_activity_r2,0.5477378838268094,0.9992718283716899
synapse_dropout,0.2,0.19950495211395736,44,perturbation,observed,inhibitory,503,delta_fluctuation_r2,0.479769766330719,0.9937296509742737
synapse_dropout,0.2,0.19950495211395736,44,perturbation,unobserved,excitatory,2003,delta_activity_r2,0.515694149952491,0.9993396584592613
synapse_dropout,0.2,0.19950495211395736,44,perturbation,unobserved,excitatory,2003,delta_fluctuation_r2,0.4639579653739929,0.9916563630104065
synapse_dropout,0.2,0.19950495211395736,44,perturbation,unobserved,inhibitory,373,delta_activity_r2,0.3726377919119962,0.9993146360140089
synapse_dropout,0.2,0.19950495211395736,44,perturbation,unobserved,inhibitory,373,delta_fluctuation_r2,0.3425059914588928,0.9927361607551575
synapse_dropout,0.2,0.19950495211395736,44,perturbation,targeted,inhibitory,124,delta_activity_r2,0.33655022561246273,0.9997619566864163
synapse_dropout,0.2,0.19950495211395736,44,perturbation,targeted,inhibitory,124,delta_fluctuation_r2,0.3233151435852051,0.9941699504852295
synapse_dropout,0.2,0.20029788251772412,45,held_out,observed,all,2500,activity_r2,0.6547175871139366,0.9999623128108336
synapse_dropout,0.2,0.20029788251772412,45,held_out,observed,all,2500,fluctuation_r2,0.5456044673919678,0.9983566999435425
synapse_dropout,0.2,0.20029788251772412,45,held_out,unobserved,all,2500,activity_r2,0.3166459994048534,0.9999311861979896
synapse_dropout,0.2,0.20029788251772412,45,held_out,unobserved,all,2500,fluctuation_r2,0.2884579300880432,0.9972561597824097
synapse_dropout,0.2,0.20029788251772412,45,perturbation,observed,excitatory,2009,delta_activity_r2,0.45861683885579607,0.9979501647970905
synapse_dropout,0.2,0.20029788251772412,45,perturbation,observed,excitatory,2009,delta_fluctuation_r2,0.3902459144592285,0.9889018535614014
synapse_dropout,0.2,0.20029788251772412,45,perturbation,observed,inhibitory,491,delta_activity_r2,0.3255610286810193,0.9980843879857418
synapse_dropout,0.2,0.20029788251772412,45,perturbation,observed,inhibitory,491,delta_fluctuation_r2,0.2006734013557434,0.9903147220611572
synapse_dropout,0.2,0.20029788251772412,45,perturbation,unobserved,excitatory,1991,delta_activity_r2,0.3016376404985691,0.9976579611240349
synapse_dropout,0.2,0.20029788251772412,45,perturbation,unobserved,excitatory,1991,delta_fluctuation_r2,0.32578158378601074,0.9868009090423584
synapse_dropout,0.2,0.20029788251772412,45,perturbation,unobserved,inhibitory,382,delta_activity_r2,0.3552530460883381,0.9981505422620792
synapse_dropout,0.2,0.20029788251772412,45,perturbation,unobserved,inhibitory,382,delta_fluctuation_r2,0.20013076066970825,0.9887239933013916
synapse_dropout,0.2,0.20029788251772412,45,perturbation,targeted,inhibitory,127,delta_activity_r2,-0.016954607007954925,0.9996409389213724
synapse_dropout,0.2,0.20029788251772412,45,perturbation,targeted,inhibitory,127,delta_fluctuation_r2,0.0012711882591247559,0.9928293228149414
synapse_dropout,0.2,0.19898113472351048,46,held_out,observed,all,2500,activity_r2,0.6533814466421441,0.9999190421459915
synapse_dropout,0.2,0.19898113472351048,46,held_out,observed,all,2500,fluctuation_r2,0.611484169960022,0.9970271587371826
synapse_dropout,0.2,0.19898113472351048,46,held_out,unobserved,all,2500,activity_r2,0.7288341805488086,0.9999255618465349
synapse_dropout,0.2,0.19898113472351048,46,held_out,unobserved,all,2500,fluctuation_r2,0.6595922708511353,0.9972353577613831
synapse_dropout,0.2,0.19898113472351048,46,perturbation,observed,excitatory,1994,delta_activity_r2,0.6643398316293736,0.9991383530741371
synapse_dropout,0.2,0.19898113472351048,46,perturbation,observed,excitatory,1994,delta_fluctuation_r2,0.5275449752807617,0.9905200004577637
synapse_dropout,0.2,0.19898113472351048,46,perturbation,observed,inhibitory,506,delta_activity_r2,0.6005693456210845,0.9991319748784231
synapse_dropout,0.2,0.19898113472351048,46,perturbation,observed,inhibitory,506,delta_fluctuation_r2,0.4940306544303894,0.9927305579185486
synapse_dropout,0.2,0.19898113472351048,46,perturbation,unobserved,excitatory,2006,delta_activity_r2,0.6524272257809993,0.9992538134874229
synapse_dropout,0.2,0.19898113472351048,46,perturbation,unobserved,excitatory,2006,delta_fluctuation_r2,0.5002270936965942,0.9907078742980957
synapse_dropout,0.2,0.19898113472351048,46,perturbation,unobserved,inhibitory,370,delta_activity_r2,0.5796235416105018,0.999195882119384
synapse_dropout,0.2,0.19898113472351048,46,perturbation,unobserved,inhibitory,370,delta_fluctuation_r2,0.5167900323867798,0.9933810234069824
synapse_dropout,0.2,0.19898113472351048,46,perturbation,targeted,inhibitory,124,delta_activity_r2,0.6992516156845351,0.9998688229674126
synapse_dropout,0.2,0.19898113472351048,46,perturbation,targeted,inhibitory,124,delta_fluctuation_r2,0.6060067415237427,0.9962241053581238
synapse_dropout,0.3,0.2993897640033072,44,held_out,observed,all,2500,activity_r2,0.39848104407838336,0.9998987787282803
synapse_dropout,0.3,0.2993897640033072,44,held_out,observed,all,2500,fluctuation_r2,0.3935984969139099,0.9965047836303711
synapse_dropout,0.3,0.2993897640033072,44,held_out,unobserved,all,2500,activity_r2,0.3835221141735714,0.9999280613774816
synapse_dropout,0.3,0.2993897640033072,44,held_out,unobserved,all,2500,fluctuation_r2,0.3654966950416565,0.9966070652008057
synapse_dropout,0.3,0.2993897640033072,44,perturbation,observed,excitatory,1997,delta_activity_r2,0.3652778877829441,0.9990903952787733
synapse_dropout,0.3,0.2993897640033072,44,perturbation,observed,excitatory,1997,delta_fluctuation_r2,0.35407596826553345,0.9896460175514221
synapse_dropout,0.3,0.2993897640033072,44,perturbation,observed,inhibitory,503,delta_activity_r2,0.47816465348038095,0.9992718283716899
synapse_dropout,0.3,0.2993897640033072,44,perturbation,observed,inhibitory,503,delta_fluctuation_r2,0.36036455631256104,0.9937296509742737
synapse_dropout,0.3,0.2993897640033072,44,perturbation,unobserved,excitatory,2003,delta_activity_r2,0.4584281203166146,0.9993396584592613
synapse_dropout,0.3,0.2993897640033072,44,perturbation,unobserved,excitatory,2003,delta_fluctuation_r2,0.3393486738204956,0.9916563630104065
synapse_dropout,0.3,0.2993897640033072,44,perturbation,unobserved,inhibitory,373,delta_activity_r2,0.34524397017046893,0.9993146360140089
synapse_dropout,0.3,0.2993897640033072,44,perturbation,unobserved,inhibitory,373,delta_fluctuation_r2,0.12902545928955078,0.9927361607551575
synapse_dropout,0.3,0.2993897640033072,44,perturbation,targeted,inhibitory,124,delta_activity_r2,0.253260784114671,0.9997619566864163
synapse_dropout,0.3,0.2993897640033072,44,perturbation,targeted,inhibitory,124,delta_fluctuation_r2,0.23341023921966553,0.9941699504852295
synapse_dropout,0.3,0.3022021448881447,45,held_out,observed,all,2500,activity_r2,0.549998444139024,0.9999623128108336
synapse_dropout,0.3,0.3022021448881447,45,held_out,observed,all,2500,fluctuation_r2,0.4270610213279724,0.9983566999435425
synapse_dropout,0.3,0.3022021448881447,45,held_out,unobserved,all,2500,activity_r2,0.23461367166346525,0.9999311861979896
synapse_dropout,0.3,0.3022021448881447,45,held_out,unobserved,all,2500,fluctuation_r2,0.2070680856704712,0.9972561597824097
synapse_dropout,0.3,0.3022021448881447,45,perturbation,observed,excitatory,2009,delta_activity_r2,0.3383478946411558,0.9979501647970905
synapse_dropout,0.3,0.3022021448881447,45,perturbation,observed,excitatory,2009,delta_fluctuation_r2,0.2803703546524048,0.9889018535614014
synapse_dropout,0.3,0.3022021448881447,45,perturbation,observed,inhibitory,491,delta_activity_r2,0.14615676402109168,0.9980843879857418
synapse_dropout,0.3,0.3022021448881447,45,perturbation,observed,inhibitory,491,delta_fluctuation_r2,0.06387650966644287,0.9903147220611572
synapse_dropout,0.3,0.3022021448881447,45,perturbation,unobserved,excitatory,1991,delta_activity_r2,0.2563334679271506,0.9976579611240349
synapse_dropout,0.3,0.3022021448881447,45,perturbation,unobserved,excitatory,1991,delta_fluctuation_r2,0.2368558645248413,0.9868009090423584
synapse_dropout,0.3,0.3022021448881447,45,perturbation,unobserved,inhibitory,382,delta_activity_r2,0.2171305677388008,0.9981505422620792
synapse_dropout,0.3,0.3022021448881447,45,perturbation,unobserved,inhibitory,382,delta_fluctuation_r2,0.15207087993621826,0.9887239933013916
synapse_dropout,0.3,0.3022021448881447,45,perturbation,targeted,inhibitory,127,delta_activity_r2,0.011901379526372047,0.9996409389213724
synapse_dropout,0.3,0.3022021448881447,45,perturbation,targeted,inhibitory,127,delta_fluctuation_r2,0.04061514139175415,0.9928293228149414
synapse_dropout,0.3,0.29678906622340545,46,held_out,observed,all,2500,activity_r2,0.5692878989950119,0.9999190421459915
synapse_dropout,0.3,0.29678906622340545,46,held_out,observed,all,2500,fluctuation_r2,0.5267078876495361,0.9970271587371826
synapse_dropout,0.3,0.29678906622340545,46,held_out,unobserved,all,2500,activity_r2,0.6024791671068173,0.9999255618465349
synapse_dropout,0.3,0.29678906622340545,46,held_out,unobserved,all,2500,fluctuation_r2,0.5344371795654297,0.9972353577613831
synapse_dropout,0.3,0.29678906622340545,46,perturbation,observed,excitatory,1994,delta_activity_r2,0.5768363455949457,0.9991383530741371
synapse_dropout,0.3,0.29678906622340545,46,perturbation,observed,excitatory,1994,delta_fluctuation_r2,0.4441031217575073,0.9905200004577637
synapse_dropout,0.3,0.29678906622340545,46,perturbation,observed,inhibitory,506,delta_activity_r2,0.506389171060816,0.9991319748784231
synapse_dropout,0.3,0.29678906622340545,46,perturbation,observed,inhibitory,506,delta_fluctuation_r2,0.3886945843696594,0.9927305579185486
synapse_dropout,0.3,0.29678906622340545,46,perturbation,unobserved,excitatory,2006,delta_activity_r2,0.5532297769212603,0.9992538134874229
synapse_dropout,0.3,0.29678906622340545,46,perturbation,unobserved,excitatory,2006,delta_fluctuation_r2,0.4166639447212219,0.9907078742980957
synapse_dropout,0.3,0.29678906622340545,46,perturbation,unobserved,inhibitory,370,delta_activity_r2,0.48281181767318515,0.999195882119384
synapse_dropout,0.3,0.29678906622340545,46,perturbation,unobserved,inhibitory,370,delta_fluctuation_r2,0.4255898594856262,0.9933810234069824
synapse_dropout,0.3,0.29678906622340545,46,perturbation,targeted,inhibitory,124,delta_activity_r2,0.536465150694386,0.9998688229674126
synapse_dropout,0.3,0.29678906622340545,46,perturbation,targeted,inhibitory,124,delta_fluctuation_r2,0.4180836081504822,0.9962241053581238
synapse_dropout,0.4,0.39899975724522746,44,held_out,observed,all,2500,activity_r2,0.3360361951539781,0.9998987787282803
synapse_dropout,0.4,0.39899975724522746,44,held_out,observed,all,2500,fluctuation_r2,0.31411898136138916,0.9965047836303711
synapse_dropout,0.4,0.39899975724522746,44,held_out,unobserved,all,2500,activity_r2,0.32896786702508474,0.9999280613774816
synapse_dropout,0.4,0.39899975724522746,44,held_out,unobserved,all,2500,fluctuation_r2,0.3056020140647888,0.9966070652008057
synapse_dropout,0.4,0.39899975724522746,44,perturbation,observed,excitatory,1997,delta_activity_r2,0.2713233021646544,0.9990903952787733
synapse_dropout,0.4,0.39899975724522746,44,perturbation,observed,excitatory,1997,delta_fluctuation_r2,0.2669569253921509,0.9896460175514221
synapse_dropout,0.4,0.39899975724522746,44,perturbation,observed,inhibitory,503,delta_activity_r2,0.43736958429782435,0.9992718283716899
synapse_dropout,0.4,0.39899975724522746,44,perturbation,observed,inhibitory,503,delta_fluctuation_r2,0.2915037274360657,0.9937296509742737
synapse_dropout,0.4,0.39899975724522746,44,perturbation,unobserved,excitatory,2003,delta_activity_r2,0.4217302950960087,0.9993396584592613
synapse_dropout,0.4,0.39899975724522746,44,perturbation,unobserved,excitatory,2003,delta_fluctuation_r2,0.3183658719062805,0.9916563630104065
synapse_dropout,0.4,0.39899975724522746,44,perturbation,unobserved,inhibitory,373,delta_activity_r2,0.10610835220570514,0.9993146360140089
synapse_dropout,0.4,0.39899975724522746,44,perturbation,unobserved,inhibitory,373,delta_fluctuation_r2,0.08745503425598145,0.9927361607551575
synapse_dropout,0.4,0.39899975724522746,44,perturbation,targeted,inhibitory,124,delta_activity_r2,0.13429971751017789,0.9997619566864163
synapse_dropout,0.4,0.39899975724522746,44,perturbation,targeted,inhibitory,124,delta_fluctuation_r2,0.1617182493209839,0.9941699504852295
synapse_dropout,0.4,0.4024359450559688,45,held_out,observed,all,2500,activity_r2,0.4232816568613271,0.9999623128108336
synapse_dropout,0.4,0.4024359450559688,45,held_out,observed,all,2500,fluctuation_r2,0.3064166307449341,0.9983566999435425
synapse_dropout,0.4,0.4024359450559688,45,held_out,unobserved,all,2500,activity_r2,0.15508636778794238,0.9999311861979896
synapse_dropout,0.4,0.4024359450559688,45,held_out,unobserved,all,2500,fluctuation_r2,0.13072818517684937,0.9972561597824097
synapse_dropout,0.4,0.4024359450559688,45,perturbation,observed,excitatory,2009,delta_activity_r2,0.20435877443700468,0.9979501647970905
synapse_dropout,0.4,0.4024359450559688,45,perturbation,observed,excitatory,2009,delta_fluctuation_r2,0.21024686098098755,0.9889018535614014
synapse_dropout,0.4,0.4024359450559688,45,perturbation,observed,inhibitory,491,delta_activity_r2,0.08725041640299758,0.9980843879857418
synapse_dropout,0.4,0.4024359450559688,45,perturbation,observed,inhibitory,491,delta_fluctuation_r2,-0.048827409744262695,0.9903147220611572
synapse_dropout,0.4,0.4024359450559688,45,perturbation,unobserved,excitatory,1991,delta_activity_r2,0.20740127370493355,0.9976579611240349
synapse_dropout,0.4,0.4024359450559688,45,perturbation,unobserved,excitatory,1991,delta_fluctuation_r2,0.17926675081253052,0.9868009090423584
synapse_dropout,0.4,0.4024359450559688,45,perturbation,unobserved,inhibitory,382,delta_activity_r2,0.1948799982040892,0.9981505422620792
synapse_dropout,0.4,0.4024359450559688,45,perturbation,unobserved,inhibitory,382,delta_fluctuation_r2,0.10246825218200684,0.9887239933013916
synapse_dropout,0.4,0.4024359450559688,45,perturbation,targeted,inhibitory,127,delta_activity_r2,-0.046906587519199405,0.9996409389213724
synapse_dropout,0.4,0.4024359450559688,45,perturbation,targeted,inhibitory,127,delta_fluctuation_r2,-0.04890251159667969,0.9928293228149414
synapse_dropout,0.4,0.39828865434904576,46,held_out,observed,all,2500,activity_r2,0.42813955011623284,0.9999190421459915
synapse_dropout,0.4,0.39828865434904576,46,held_out,observed,all,2500,fluctuation_r2,0.39692115783691406,0.9970271587371826
synapse_dropout,0.4,0.39828865434904576,46,held_out,unobserved,all,2500,activity_r2,0.44886531890505177,0.9999255618465349
synapse_dropout,0.4,0.39828865434904576,46,held_out,unobserved,all,2500,fluctuation_r2,0.3862411379814148,0.9972353577613831
synapse_dropout,0.4,0.39828865434904576,46,perturbation,observed,excitatory,1994,delta_activity_r2,0.4884172088623342,0.9991383530741371
synapse_dropout,0.4,0.39828865434904576,46,perturbation,observed,excitatory,1994,delta_fluctuation_r2,0.3603977560997009,0.9905200004577637
synapse_dropout,0.4,0.39828865434904576,46,perturbation,observed,inhibitory,506,delta_activity_r2,0.3577244996698048,0.9991319748784231
synapse_dropout,0.4,0.39828865434904576,46,perturbation,observed,inhibitory,506,delta_fluctuation_r2,0.2747443914413452,0.9927305579185486
synapse_dropout,0.4,0.39828865434904576,46,perturbation,unobserved,excitatory,2006,delta_activity_r2,0.3235087137772632,0.9992538134874229
synapse_dropout,0.4,0.39828865434904576,46,perturbation,unobserved,excitatory,2006,delta_fluctuation_r2,0.29014813899993896,0.9907078742980957
synapse_dropout,0.4,0.39828865434904576,46,perturbation,unobserved,inhibitory,370,delta_activity_r2,0.35993851651337827,0.999195882119384
synapse_dropout,0.4,0.39828865434904576,46,perturbation,unobserved,inhibitory,370,delta_fluctuation_r2,0.2957407236099243,0.9933810234069824
synapse_dropout,0.4,0.39828865434904576,46,perturbation,targeted,inhibitory,124,delta_activity_r2,0.42570487810986135,0.9998688229674126
synapse_dropout,0.4,0.39828865434904576,46,perturbation,targeted,inhibitory,124,delta_fluctuation_r2,0.3149886131286621,0.9962241053581238
synapse_dropout,0.5,0.49840233617665325,44,held_out,observed,all,2500,activity_r2,0.2823218691278576,0.9998987787282803
synapse_dropout,0.5,0.49840233617665325,44,held_out,observed,all,2500,fluctuation_r2,0.25519102811813354,0.9965047836303711
synapse_dropout,0.5,0.49840233617665325,44,held_out,unobserved,all,2500,activity_r2,0.29227424179211026,0.9999280613774816
synapse_dropout,0.5,0.49840233617665325,44,held_out,unobserved,all,2500,fluctuation_r2,0.25932860374450684,0.9966070652008057
synapse_dropout,0.5,0.49840233617665325,44,perturbation,observed,excitatory,1997,delta_activity_r2,0.18247618443591462,0.9990903952787733
synapse_dropout,0.5,0.49840233617665325,44,perturbation,observed,excitatory,1997,delta_fluctuation_r2,0.2087215781211853,0.9896460175514221
synapse_dropout,0.5,0.49840233617665325,44,perturbation,observed,inhibitory,503,delta_activity_r2,0.28608522628779276,0.9992718283716899
synapse_dropout,0.5,0.49840233617665325,44,perturbation,observed,inhibitory,503,delta_fluctuation_r2,0.19689637422561646,0.9937296509742737
synapse_dropout,0.5,0.49840233617665325,44,perturbation,unobserved,excitatory,2003,delta_activity_r2,-0.04841251265648583,0.9993396584592613
synapse_dropout,0.5,0.49840233617665325,44,perturbation,unobserved,excitatory,2003,delta_fluctuation_r2,0.16655981540679932,0.9916563630104065
synapse_dropout,0.5,0.49840233617665325,44,perturbation,unobserved,inhibitory,373,delta_activity_r2,-1.110040606501069,0.9993146360140089
synapse_dropout,0.5,0.49840233617665325,44,perturbation,unobserved,inhibitory,373,delta_fluctuation_r2,-0.1995772123336792,0.9927361607551575
synapse_dropout,0.5,0.49840233617665325,44,perturbation,targeted,inhibitory,124,delta_activity_r2,-0.13726389738801115,0.9997619566864163
synapse_dropout,0.5,0.49840233617665325,44,perturbation,targeted,inhibitory,124,delta_fluctuation_r2,0.028351306915283203,0.9941699504852295
synapse_dropout,0.5,0.5032218090619299,45,held_out,observed,all,2500,activity_r2,0.19867496140142327,0.9999623128108336
synapse_dropout,0.5,0.5032218090619299,45,held_out,observed,all,2500,fluctuation_r2,0.13351428508758545,0.9983566999435425
synapse_dropout,0.5,0.5032218090619299,45,held_out,unobserved,all,2500,activity_r2,-0.007825767674093598,0.9999311861979896
synapse_dropout,0.5,0.5032218090619299,45,held_out,unobserved,all,2500,fluctuation_r2,0.011575937271118164,0.9972561597824097
synapse_dropout,0.5,0.5032218090619299,45,perturbation,observed,excitatory,2009,delta_activity_r2,0.07510123506332966,0.9979501647970905
synapse_dropout,0.5,0.5032218090619299,45,perturbation,observed,excitatory,2009,delta_fluctuation_r2,0.13083124160766602,0.9889018535614014
synapse_dropout,0.5,0.5032218090619299,45,perturbation,observed,inhibitory,491,delta_activity_r2,-0.056671063628765506,0.9980843879857418
synapse_dropout,0.5,0.5032218090619299,45,perturbation,observed,inhibitory,491,delta_fluctuation_r2,-0.1541522741317749,0.9903147220611572
synapse_dropout,0.5,0.5032218090619299,45,perturbation,unobserved,excitatory,1991,delta_activity_r2,0.10235492971699311,0.9976579611240349
synapse_dropout,0.5,0.5032218090619299,45,perturbation,unobserved,excitatory,1991,delta_fluctuation_r2,0.13086533546447754,0.9868009090423584
synapse_dropout,0.5,0.5032218090619299,45,perturbation,unobserved,inhibitory,382,delta_activity_r2,0.09108742931847635,0.9981505422620792
synapse_dropout,0.5,0.5032218090619299,45,perturbation,unobserved,inhibitory,382,delta_fluctuation_r2,-0.006091594696044922,0.9887239933013916
synapse_dropout,0.5,0.5032218090619299,45,perturbation,targeted,inhibitory,127,delta_activity_r2,-0.08104104281972968,0.9996409389213724
synapse_dropout,0.5,0.5032218090619299,45,perturbation,targeted,inhibitory,127,delta_fluctuation_r2,-0.07437849044799805,0.9928293228149414
synapse_dropout,0.5,0.49828166049308664,46,held_out,observed,all,2500,activity_r2,0.299853911836239,0.9999190421459915
synapse_dropout,0.5,0.49828166049308664,46,held_out,observed,all,2500,fluctuation_r2,0.27062034606933594,0.9970271587371826
synapse_dropout,0.5,0.49828166049308664,46,held_out,unobserved,all,2500,activity_r2,0.4040526543325592,0.9999255618465349
synapse_dropout,0.5,0.49828166049308664,46,held_out,unobserved,all,2500,fluctuation_r2,0.33423131704330444,0.9972353577613831
synapse_dropout,0.5,0.49828166049308664,46,perturbation,observed,excitatory,1994,delta_activity_r2,0.36028988681545604,0.9991383530741371
synapse_dropout,0.5,0.49828166049308664,46,perturbation,observed,excitatory,1994,delta_fluctuation_r2,0.24425196647644043,0.9905200004577637
synapse_dropout,0.5,0.49828166049308664,46,perturbation,observed,inhibitory,506,delta_activity_r2,0.08761887805538227,0.9991319748784231
synapse_dropout,0.5,0.49828166049308664,46,perturbation,observed,inhibitory,506,delta_fluctuation_r2,0.10101950168609619,0.9927305579185486
synapse_dropout,0.5,0.49828166049308664,46,perturbation,unobserved,excitatory,2006,delta_activity_r2,0.24409671755225004,0.9992538134874229
synapse_dropout,0.5,0.49828166049308664,46,perturbation,unobserved,excitatory,2006,delta_fluctuation_r2,0.21576809883117676,0.9907078742980957
synapse_dropout,0.5,0.49828166049308664,46,perturbation,unobserved,inhibitory,370,delta_activity_r2,0.30822668121481067,0.999195882119384
synapse_dropout,0.5,0.49828166049308664,46,perturbation,unobserved,inhibitory,370,delta_fluctuation_r2,0.23227369785308838,0.9933810234069824
synapse_dropout,0.5,0.49828166049308664,46,perturbation,targeted,inhibitory,124,delta_activity_r2,0.44469595482192914,0.9998688229674126
synapse_dropout,0.5,0.49828166049308664,46,perturbation,targeted,inhibitory,124,delta_fluctuation_r2,0.3118268847465515,0.9962241053581238
