obs_fraction,n_observed,seed,evaluation,group,cell_type,n_cells,metric,value,ceiling_value
0.5,2500,44,held_out,observed,all,2500,activity_r2,0.9869213464734578,0.9998987787282803
0.5,2500,44,held_out,observed,all,2500,fluctuation_r2,0.9770042896270752,0.9965047836303711
0.5,2500,44,held_out,unobserved,all,2500,activity_r2,0.9890697909802895,0.9999280613774816
0.5,2500,44,held_out,unobserved,all,2500,fluctuation_r2,0.9790369272232056,0.9966070652008057
0.5,2500,45,held_out,observed,all,2500,activity_r2,0.9751480415438672,0.9999623128108336
0.5,2500,45,held_out,observed,all,2500,fluctuation_r2,0.957813560962677,0.9983566999435425
0.5,2500,45,held_out,unobserved,all,2500,activity_r2,0.9602623368559104,0.9999311861979896
0.5,2500,45,held_out,unobserved,all,2500,fluctuation_r2,0.9386153221130371,0.9972561597824097
0.5,2500,46,held_out,observed,all,2500,activity_r2,0.9967719258712946,0.9999190421459915
0.5,2500,46,held_out,observed,all,2500,fluctuation_r2,0.9870942831039429,0.9970271587371826
0.5,2500,46,held_out,unobserved,all,2500,activity_r2,0.9954389793081494,0.9999255618465349
0.5,2500,46,held_out,unobserved,all,2500,fluctuation_r2,0.9854671359062195,0.9972353577613831
0.01,50,44,held_out,observed,all,50,activity_r2,-0.05674487680404905,0.9670938700675336
0.01,50,44,held_out,observed,all,50,fluctuation_r2,-0.24760091304779053,0.46803444623947144
0.01,50,44,held_out,unobserved,all,4950,activity_r2,0.015448252024938602,0.9790623374178132
0.01,50,44,held_out,unobserved,all,4950,fluctuation_r2,-0.067496657371521,0.7936995029449463
0.01,50,45,held_out,observed,all,50,activity_r2,0.6135552374558777,0.9787767999086258
0.01,50,45,held_out,observed,all,50,fluctuation_r2,0.2465205192565918,0.8006484508514404
0.01,50,45,held_out,unobserved,all,4950,activity_r2,0.17874951824244623,0.9823589121544642
0.01,50,45,held_out,unobserved,all,4950,fluctuation_r2,0.04426497220993042,0.8249934911727905
0.01,50,46,held_out,observed,all,50,activity_r2,0.6237907607548571,0.9725098498032089
0.01,50,46,held_out,observed,all,50,fluctuation_r2,0.40345191955566406,0.7216289639472961
0.01,50,46,held_out,unobserved,all,4950,activity_r2,0.6222289538520663,0.9815821066860078
0.01,50,46,held_out,unobserved,all,4950,fluctuation_r2,0.4702566862106323,0.784953236579895
0.02,100,44,held_out,observed,all,100,activity_r2,0.06330457998957995,0.964679892700867
0.02,100,44,held_out,observed,all,100,fluctuation_r2,-0.1234278678894043,0.5134122967720032
0.02,100,44,held_out,unobserved,all,4900,activity_r2,0.05167770311136466,0.9729974806183171
0.02,100,44,held_out,unobserved,all,4900,fluctuation_r2,-0.032204508781433105,0.7521998286247253
0.02,100,45,held_out,observed,all,100,activity_r2,0.8401887533252033,0.9751540327095304
0.02,100,45,held_out,observed,all,100,fluctuation_r2,0.5447572469711304,0.7590780258178711
0.02,100,45,held_out,unobserved,all,4900,activity_r2,0.8648746041364465,0.9872141577789251
0.02,100,45,held_out,unobserved,all,4900,fluctuation_r2,0.6660345792770386,0.8518357276916504
0.02,100,46,held_out,observed,all,100,activity_r2,0.3670528589978238,0.9877948656650747
0.02,100,46,held_out,observed,all,100,fluctuation_r2,0.25808411836624146,0.9025431871414185
0.02,100,46,held_out,unobserved,all,4900,activity_r2,0.06833171636039548,0.9843158020387659
0.02,100,46,held_out,unobserved,all,4900,fluctuation_r2,-0.02575862407684326,0.8311470746994019
0.05,250,44,held_out,observed,all,250,activity_r2,0.9421163320171023,0.9917058492859802
0.05,250,44,held_out,observed,all,250,fluctuation_r2,0.7277136445045471,0.8142125606536865
0.05,250,44,held_out,unobserved,all,4750,activity_r2,0.9620397131762121,0.9932391001855503
0.05,250,44,held_out,unobserved,all,4750,fluctuation_r2,0.8217813372612,0.8768443465232849
0.05,250,45,held_out,observed,all,250,activity_r2,0.106513259299709,0.9982761922907597
0.05,250,45,held_out,observed,all,250,fluctuation_r2,0.03240841627120972,0.939433217048645
0.05,250,45,held_out,unobserved,all,4750,activity_r2,-0.47394188457922537,0.9955561268001749
0.05,250,45,held_out,unobserved,all,4750,fluctuation_r2,-0.4542461633682251,0.8802573680877686
0.05,250,46,held_out,observed,all,250,activity_r2,0.9155648774058432,0.9896401309994719
0.05,250,46,held_out,observed,all,250,fluctuation_r2,0.7775202393531799,0.890730082988739
0.05,250,46,held_out,unobserved,all,4750,activity_r2,0.9294449255598987,0.9903438921532711
0.05,250,46,held_out,unobserved,all,4750,fluctuation_r2,0.7635468244552612,0.8660229444503784
0.1,500,44,held_out,observed,all,500,activity_r2,0.9162696444979976,0.9978092621110016
0.1,500,44,held_out,observed,all,500,fluctuation_r2,0.7978185415267944,0.9200692772865295
0.1,500,44,held_out,unobserved,all,4500,activity_r2,0.9504197502521352,0.9981828095145624
0.1,500,44,held_out,unobserved,all,4500,fluctuation_r2,0.8442010283470154,0.9395956993103027
0.1,500,45,held_out,observed,all,500,activity_r2,0.1336959042776995,0.9983532993229498
0.1,500,45,held_out,observed,all,500,fluctuation_r2,0.07810497283935547,0.9649488925933838
0.1,500,45,held_out,unobserved,all,4500,activity_r2,-0.2737629215104387,0.9950557459189479
0.1,500,45,held_out,unobserved,all,4500,fluctuation_r2,-0.28121161460876465,0.9364771246910095
0.1,500,46,held_out,observed,all,500,activity_r2,0.960024064332304,0.9972116470698086
0.1,500,46,held_out,observed,all,500,fluctuation_r2,0.8065837621688843,0.88189297914505
0.1,500,46,held_out,unobserved,all,4500,activity_r2,0.9606620274003448,0.9956789768707086
0.1,500,46,held_out,unobserved,all,4500,fluctuation_r2,0.8230314254760742,0.8942286968231201
0.25,1250,44,held_out,observed,all,1250,activity_r2,0.9763767592338257,0.9993849263560309
0.25,1250,44,held_out,observed,all,1250,fluctuation_r2,0.9384522438049316,0.9798092246055603
0.25,1250,44,held_out,unobserved,all,3750,activity_r2,0.9774352667086286,0.9993853326886886
0.25,1250,44,held_out,unobserved,all,3750,fluctuation_r2,0.9381203651428223,0.9787941575050354
0.25,1250,45,held_out,observed,all,1250,activity_r2,0.7029063598904637,0.9997209754532808
0.25,1250,45,held_out,observed,all,1250,fluctuation_r2,0.5941686630249023,0.9862094521522522
0.25,1250,45,held_out,unobserved,all,3750,activity_r2,0.4910097661739742,0.9993586998070578
0.25,1250,45,held_out,unobserved,all,3750,fluctuation_r2,0.3849945068359375,0.9763658046722412
0.25,1250,46,held_out,observed,all,1250,activity_r2,0.9886137119671834,0.9993258374665395
0.25,1250,46,held_out,observed,all,1250,fluctuation_r2,0.952025294303894,0.9774386286735535
0.25,1250,46,held_out,unobserved,all,3750,activity_r2,0.9821514630883998,0.9986411057886609
0.25,1250,46,held_out,unobserved,all,3750,fluctuation_r2,0.9428320527076721,0.9770705103874207
0.5,2500,44,perturbation,observed,excitatory,1997,delta_activity_r2,0.9927746542608077,0.9990903952787733
0.5,2500,44,perturbation,observed,excitatory,1997,delta_fluctuation_r2,0.9574472904205322,0.9896460175514221
0.5,2500,44,perturbation,observed,inhibitory,503,delta_activity_r2,0.9786594510847968,0.9992718283716899
0.5,2500,44,perturbation,observed,inhibitory,503,delta_fluctuation_r2,0.9556331038475037,0.9937296509742737
0.5,2500,44,perturbation,unobserved,excitatory,2003,delta_activity_r2,0.9939245779413931,0.9993396584592613
0.5,2500,44,perturbation,unobserved,excitatory,2003,delta_fluctuation_r2,0.9615604281425476,0.9916563630104065
0.5,2500,44,perturbation,unobserved,inhibitory,373,delta_activity_r2,0.9831425955778255,0.9993146360140089
0.5,2500,44,perturbation,unobserved,inhibitory,373,delta_fluctuation_r2,0.9497366547584534,0.9927361607551575
0.5,2500,44,perturbation,targeted,inhibitory,124,delta_activity_r2,0.9845831617348068,0.9997619566864163
0.5,2500,44,perturbation,targeted,inhibitory,124,delta_fluctuation_r2,0.9571144580841064,0.9941699504852295
0.5,2500,45,perturbation,observed,excitatory,2009,delta_activity_r2,0.9754142887535316,0.9979564129813268
0.5,2500,45,perturbation,observed,excitatory,2009,delta_fluctuation_r2,0.9274914264678955,0.9889109134674072
0.5,2500,45,perturbation,observed,inhibitory,491,delta_activity_r2,0.9275510298082627,0.9980759737989183
0.5,2500,45,perturbation,observed,inhibitory,491,delta_fluctuation_r2,0.8862159252166748,0.990307092666626
0.5,2500,45,perturbation,unobserved,excitatory,1991,delta_activity_r2,0.9715756668072,0.9976549966878072
0.5,2500,45,perturbation,unobserved,excitatory,1991,delta_fluctuation_r2,0.9175490736961365,0.9867734313011169
0.5,2500,45,perturbation,unobserved,inhibitory,382,delta_activity_r2,0.9580100876703738,0.99812666966964
0.5,2500,45,perturbation,unobserved,inhibitory,382,delta_fluctuation_r2,0.8840134739875793,0.9886733889579773
0.5,2500,45,perturbation,targeted,inhibitory,127,delta_activity_r2,0.9455974200608586,0.9996333433883909
0.5,2500,45,perturbation,targeted,inhibitory,127,delta_fluctuation_r2,0.873412013053894,0.9928176999092102
0.5,2500,46,perturbation,observed,excitatory,1994,delta_activity_r2,0.9884345380381564,0.9991383530741371
0.5,2500,46,perturbation,observed,excitatory,1994,delta_fluctuation_r2,0.9526647329330444,0.9905200004577637
0.5,2500,46,perturbation,observed,inhibitory,506,delta_activity_r2,0.9930467982459935,0.9991319748784231
0.5,2500,46,perturbation,observed,inhibitory,506,delta_fluctuation_r2,0.9682515263557434,0.9927305579185486
0.5,2500,46,perturbation,unobserved,excitatory,2006,delta_activity_r2,0.9866666293872001,0.9992538134874229
0.5,2500,46,perturbation,unobserved,excitatory,2006,delta_fluctuation_r2,0.94724440574646,0.9907078742980957
0.5,2500,46,perturbation,unobserved,inhibitory,370,delta_activity_r2,0.9931903675234013,0.999195882119384
0.5,2500,46,perturbation,unobserved,inhibitory,370,delta_fluctuation_r2,0.9660775661468506,0.9933810234069824
0.5,2500,46,perturbation,targeted,inhibitory,124,delta_activity_r2,0.9940667289068827,0.9998688229674126
0.5,2500,46,perturbation,targeted,inhibitory,124,delta_fluctuation_r2,0.9823170900344849,0.9962241053581238
0.01,50,44,perturbation,observed,excitatory,39,delta_activity_r2,-0.145669465926062,0.7802935038770057
0.01,50,44,perturbation,observed,excitatory,39,delta_fluctuation_r2,-0.013244152069091797,0.33423352241516113
0.01,50,44,perturbation,observed,inhibitory,11,delta_activity_r2,0.04593183636760334,0.9919106894695993
0.01,50,44,perturbation,observed,inhibitory,11,delta_fluctuation_r2,-0.5844680070877075,0.3291586637496948
0.01,50,44,perturbation,unobserved,excitatory,3961,delta_activity_r2,-0.017532070448322612,0.8195882757154594
0.01,50,44,perturbation,unobserved,excitatory,3961,delta_fluctuation_r2,-0.00010097026824951172,0.28406083583831787
0.01,50,44,perturbation,unobserved,inhibitory,742,delta_activity_r2,-0.3558260688036494,0.8320534451229062
0.01,50,44,perturbation,unobserved,inhibitory,742,delta_fluctuation_r2,-0.43335139751434326,0.30153894424438477
0.01,50,44,perturbation,targeted,inhibitory,247,delta_activity_r2,-0.33482026288950806,0.9287588873775711
0.01,50,44,perturbation,targeted,inhibitory,247,delta_fluctuation_r2,-0.38400983810424805,0.49402928352355957
0.01,50,45,perturbation,observed,excitatory,43,delta_activity_r2,-0.06994966961328353,0.8735584504475807
0.01,50,45,perturbation,observed,excitatory,43,delta_fluctuation_r2,-0.0332258939743042,0.43170440196990967
0.01,50,45,perturbation,observed,inhibitory,7,delta_activity_r2,0.15235064193909365,0.9711609719154943
0.01,50,45,perturbation,observed,inhibitory,7,delta_fluctuation_r2,-0.03319108486175537,0.5376986265182495
0.01,50,45,perturbation,unobserved,excitatory,3957,delta_activity_r2,0.01053672463873323,0.9230678915794719
0.01,50,45,perturbation,unobserved,excitatory,3957,delta_fluctuation_r2,0.022593557834625244,0.49594438076019287
0.01,50,45,perturbation,unobserved,inhibitory,745,delta_activity_r2,0.056381670997390554,0.9331392445131641
0.01,50,45,perturbation,unobserved,inhibitory,745,delta_fluctuation_r2,-0.030225753784179688,0.5107486844062805
0.01,50,45,perturbation,targeted,inhibitory,248,delta_activity_r2,-0.27706365125985055,0.9470041289241691
0.01,50,45,perturbation,targeted,inhibitory,248,delta_fluctuation_r2,-0.171630859375,0.5773440599441528
0.01,50,46,perturbation,observed,excitatory,39,delta_activity_r2,-1.5718136104866511,0.7189374658234639
0.01,50,46,perturbation,observed,excitatory,39,delta_fluctuation_r2,-0.25912153720855713,0.07680803537368774
0.01,50,46,perturbation,observed,inhibitory,11,delta_activity_r2,-0.46494751209047536,0.05836892266375604
0.01,50,46,perturbation,observed,inhibitory,11,delta_fluctuation_r2,-0.07030725479125977,0.049971699714660645
0.01,50,46,perturbation,unobserved,excitatory,3961,delta_activity_r2,-0.3655034253657483,0.9179217059300495
0.01,50,46,perturbation,unobserved,excitatory,3961,delta_fluctuation_r2,-0.18018686771392822,0.23115360736846924
0.01,50,46,perturbation,unobserved,inhibitory,742,delta_activity_r2,0.14539201253481127,0.9017951062877179
0.01,50,46,perturbation,unobserved,inhibitory,742,delta_fluctuation_r2,0.028884172439575195,0.2542452812194824
0.01,50,46,perturbation,targeted,inhibitory,247,delta_activity_r2,0.4092381154296063,0.9509982909644008
0.01,50,46,perturbation,targeted,inhibitory,247,delta_fluctuation_r2,0.15963047742843628,0.4579000473022461
0.02,100,44,perturbation,observed,excitatory,82,delta_activity_r2,-0.00412945360984085,0.7974171951492935
0.02,100,44,perturbation,observed,excitatory,82,delta_fluctuation_r2,0.056585609912872314,0.3395390510559082
0.02,100,44,perturbation,observed,inhibitory,18,delta_activity_r2,0.036591334229125416,0.09453734924108037
0.02,100,44,perturbation,observed,inhibitory,18,delta_fluctuation_r2,-0.10360980033874512,0.025732576847076416
0.02,100,44,perturbation,unobserved,excitatory,3918,delta_activity_r2,-0.017590234801212246,0.8723306944902509
0.02,100,44,perturbation,unobserved,excitatory,3918,delta_fluctuation_r2,-0.005619168281555176,0.28427034616470337
0.02,100,44,perturbation,unobserved,inhibitory,736,delta_activity_r2,-0.03922162047582822,0.8506766741003043
0.02,100,44,perturbation,unobserved,inhibitory,736,delta_fluctuation_r2,-0.08260643482208252,0.32071757316589355
0.02,100,44,perturbation,targeted,inhibitory,246,delta_activity_r2,-0.13840033472876745,0.9391094451183064
0.02,100,44,perturbation,targeted,inhibitory,246,delta_fluctuation_r2,-0.16619038581848145,0.49272817373275757
0.02,100,45,perturbation,observed,excitatory,83,delta_activity_r2,0.3150366504948914,0.9378900954868917
0.02,100,45,perturbation,observed,excitatory,83,delta_fluctuation_r2,0.1304226517677307,0.6203756928443909
0.02,100,45,perturbation,observed,inhibitory,17,delta_activity_r2,0.45899382196001326,0.9699789547670297
0.02,100,45,perturbation,observed,inhibitory,17,delta_fluctuation_r2,0.22489625215530396,0.5509922504425049
0.02,100,45,perturbation,unobserved,excitatory,3917,delta_activity_r2,0.7451866854453673,0.9517855172851226
0.02,100,45,perturbation,unobserved,excitatory,3917,delta_fluctuation_r2,0.34457433223724365,0.6164501905441284
0.02,100,45,perturbation,unobserved,inhibitory,737,delta_activity_r2,0.6732456113940742,0.94868327019182
0.02,100,45,perturbation,unobserved,inhibitory,737,delta_fluctuation_r2,0.3308078646659851,0.6178931593894958
0.02,100,45,perturbation,targeted,inhibitory,246,delta_activity_r2,0.774391222365812,0.9627420058992335
0.02,100,45,perturbation,targeted,inhibitory,246,delta_fluctuation_r2,0.4171566367149353,0.6981499195098877
0.02,100,46,perturbation,observed,excitatory,77,delta_activity_r2,-0.018638184711749828,0.8538563855606209
0.02,100,46,perturbation,observed,excitatory,77,delta_fluctuation_r2,-0.0027260780334472656,0.4295107126235962
0.02,100,46,perturbation,observed,inhibitory,23,delta_activity_r2,-0.09039206055629001,0.7930105537817655
0.02,100,46,perturbation,observed,inhibitory,23,delta_fluctuation_r2,-0.16189348697662354,0.3618394732475281
0.02,100,46,perturbation,unobserved,excitatory,3923,delta_activity_r2,-0.06501799705253042,0.8190620187474078
0.02,100,46,perturbation,unobserved,excitatory,3923,delta_fluctuation_r2,-0.008022546768188477,0.42688077688217163
0.02,100,46,perturbation,unobserved,inhibitory,733,delta_activity_r2,-0.22269392877687322,0.8458484042223411
0.02,100,46,perturbation,unobserved,inhibitory,733,delta_fluctuation_r2,-0.24543225765228271,0.44408082962036133
0.02,100,46,perturbation,targeted,inhibitory,244,delta_activity_r2,-0.5099397038388402,0.9178438145408366
0.02,100,46,perturbation,targeted,inhibitory,244,delta_fluctuation_r2,-0.3868680000305176,0.5366941690444946
0.05,250,44,perturbation,observed,excitatory,201,delta_activity_r2,0.920864138009591,0.9737983451776704
0.05,250,44,perturbation,observed,excitatory,201,delta_fluctuation_r2,0.5783103704452515,0.6780785322189331
0.05,250,44,perturbation,observed,inhibitory,49,delta_activity_r2,0.9272486770748277,0.9390266253741478
0.05,250,44,perturbation,observed,inhibitory,49,delta_fluctuation_r2,0.44368433952331543,0.5376760959625244
0.05,250,44,perturbation,unobserved,excitatory,3799,delta_activity_r2,0.9113972793965509,0.9608736106906247
0.05,250,44,perturbation,unobserved,excitatory,3799,delta_fluctuation_r2,0.5088982582092285,0.6210253238677979
0.05,250,44,perturbation,unobserved,inhibitory,713,delta_activity_r2,0.8856831429862131,0.9457948764764562
0.05,250,44,perturbation,unobserved,inhibitory,713,delta_fluctuation_r2,0.48174166679382324,0.6045565009117126
0.05,250,44,perturbation,targeted,inhibitory,238,delta_activity_r2,0.924789342333766,0.9573553102105914
0.05,250,44,perturbation,targeted,inhibitory,238,delta_fluctuation_r2,0.6309247016906738,0.6987091302871704
0.05,250,45,perturbation,observed,excitatory,208,delta_activity_r2,-0.00423922315539893,0.8498755937407868
0.05,250,45,perturbation,observed,excitatory,208,delta_fluctuation_r2,0.023502349853515625,0.5536456108093262
0.05,250,45,perturbation,observed,inhibitory,42,delta_activity_r2,-0.2870825505948167,0.9491423133099078
0.05,250,45,perturbation,observed,inhibitory,42,delta_fluctuation_r2,-0.4257693290710449,0.6393882036209106
0.05,250,45,perturbation,unobserved,excitatory,3792,delta_activity_r2,0.009765604765620384,0.9265046427399678
0.05,250,45,perturbation,unobserved,excitatory,3792,delta_fluctuation_r2,0.007055699825286865,0.5265673398971558
0.05,250,45,perturbation,unobserved,inhibitory,718,delta_activity_r2,-0.5023986443500348,0.9089262025010074
0.05,250,45,perturbation,unobserved,inhibitory,718,delta_fluctuation_r2,-0.5209760665893555,0.5132145881652832
0.05,250,45,perturbation,targeted,inhibitory,240,delta_activity_r2,-1.580020113118136,0.9654562579902395
0.05,250,45,perturbation,targeted,inhibitory,240,delta_fluctuation_r2,-1.0164875984191895,0.6405115127563477
0.05,250,46,perturbation,observed,excitatory,199,delta_activity_r2,0.44547375539149237,0.8663711316921285
0.05,250,46,perturbation,observed,excitatory,199,delta_fluctuation_r2,0.20619404315948486,0.5115336179733276
0.05,250,46,perturbation,observed,inhibitory,51,delta_activity_r2,0.6480568291562002,0.9509503373904686
0.05,250,46,perturbation,observed,inhibitory,51,delta_fluctuation_r2,0.17185139656066895,0.4937494993209839
0.05,250,46,perturbation,unobserved,excitatory,3801,delta_activity_r2,0.13706388165892225,0.8924431520033168
0.05,250,46,perturbation,unobserved,excitatory,3801,delta_fluctuation_r2,0.07315582036972046,0.4675830006599426
0.05,250,46,perturbation,unobserved,inhibitory,712,delta_activity_r2,0.06762141251919129,0.887744711846546
0.05,250,46,perturbation,unobserved,inhibitory,712,delta_fluctuation_r2,0.1358931064605713,0.49264228343963623
0.05,250,46,perturbation,targeted,inhibitory,237,delta_activity_r2,0.6458288714466429,0.956284986989758
0.05,250,46,perturbation,targeted,inhibitory,237,delta_fluctuation_r2,0.21634745597839355,0.5611952543258667
0.1,500,44,perturbation,observed,excitatory,398,delta_activity_r2,0.7902076739947286,0.9292109435614808
0.1,500,44,perturbation,observed,excitatory,398,delta_fluctuation_r2,0.5183278322219849,0.7648523449897766
0.1,500,44,perturbation,observed,inhibitory,102,delta_activity_r2,0.7170219577178372,0.9328766110274609
0.1,500,44,perturbation,observed,inhibitory,102,delta_fluctuation_r2,0.5100231170654297,0.7476046681404114
0.1,500,44,perturbation,unobserved,excitatory,3602,delta_activity_r2,0.8578291008709742,0.9619905759463513
0.1,500,44,perturbation,unobserved,excitatory,3602,delta_fluctuation_r2,0.48483026027679443,0.765031099319458
0.1,500,44,perturbation,unobserved,inhibitory,674,delta_activity_r2,0.8459277680618823,0.958148895157209
0.1,500,44,perturbation,unobserved,inhibitory,674,delta_fluctuation_r2,0.5025458931922913,0.7646933197975159
0.1,500,44,perturbation,targeted,inhibitory,224,delta_activity_r2,0.8954624325997009,0.9905307440003143
0.1,500,44,perturbation,targeted,inhibitory,224,delta_fluctuation_r2,0.6123110055923462,0.8343510031700134
0.1,500,45,perturbation,observed,excitatory,404,delta_activity_r2,0.07610251752811792,0.9721951113659769
0.1,500,45,perturbation,observed,excitatory,404,delta_fluctuation_r2,0.07375645637512207,0.7465400099754333
0.1,500,45,perturbation,observed,inhibitory,96,delta_activity_r2,-0.3163237392187801,0.9311464591760747
0.1,500,45,perturbation,observed,inhibitory,96,delta_fluctuation_r2,-0.46678948402404785,0.7437472343444824
0.1,500,45,perturbation,unobserved,excitatory,3596,delta_activity_r2,0.06619526429951628,0.9479954247887002
0.1,500,45,perturbation,unobserved,excitatory,3596,delta_fluctuation_r2,0.08669865131378174,0.7562195658683777
0.1,500,45,perturbation,unobserved,inhibitory,678,delta_activity_r2,-0.4360070477056943,0.9362548147925275
0.1,500,45,perturbation,unobserved,inhibitory,678,delta_fluctuation_r2,-0.4238346815109253,0.7255772948265076
0.1,500,45,perturbation,targeted,inhibitory,226,delta_activity_r2,-0.7266264201351225,0.9122989560159452
0.1,500,45,perturbation,targeted,inhibitory,226,delta_fluctuation_r2,-0.7591363191604614,0.7830703854560852
0.1,500,46,perturbation,observed,excitatory,399,delta_activity_r2,0.8167846892349679,0.9630496410953683
0.1,500,46,perturbation,observed,excitatory,399,delta_fluctuation_r2,0.49652183055877686,0.6717182397842407
0.1,500,46,perturbation,observed,inhibitory,101,delta_activity_r2,0.8900522783053811,0.96459739505435
0.1,500,46,perturbation,observed,inhibitory,101,delta_fluctuation_r2,0.4627058506011963,0.6575888395309448
0.1,500,46,perturbation,unobserved,excitatory,3601,delta_activity_r2,0.8893976184742235,0.9690600522422532
0.1,500,46,perturbation,unobserved,excitatory,3601,delta_fluctuation_r2,0.5692668557167053,0.7112083435058594
0.1,500,46,perturbation,unobserved,inhibitory,674,delta_activity_r2,0.9004826606301263,0.96679582348694
0.1,500,46,perturbation,unobserved,inhibitory,674,delta_fluctuation_r2,0.5716251134872437,0.7120620608329773
0.1,500,46,perturbation,targeted,inhibitory,225,delta_activity_r2,0.9279667440103588,0.9814504763347851
0.1,500,46,perturbation,targeted,inhibitory,225,delta_fluctuation_r2,0.6533514857292175,0.7706511616706848
0.25,1250,44,perturbation,observed,excitatory,996,delta_activity_r2,0.9563346854346609,0.9942085817748195
0.25,1250,44,perturbation,observed,excitatory,996,delta_fluctuation_r2,0.8651789426803589,0.9360079169273376
0.25,1250,44,perturbation,observed,inhibitory,254,delta_activity_r2,0.9562611107546614,0.9919096296859233
0.25,1250,44,perturbation,observed,inhibitory,254,delta_fluctuation_r2,0.8593105673789978,0.936789333820343
0.25,1250,44,perturbation,unobserved,excitatory,3004,delta_activity_r2,0.9669339296824264,0.9952653953971076
0.25,1250,44,perturbation,unobserved,excitatory,3004,delta_fluctuation_r2,0.8663671016693115,0.9343271851539612
0.25,1250,44,perturbation,unobserved,inhibitory,560,delta_activity_r2,0.9356019361296428,0.9921093042529524
0.25,1250,44,perturbation,unobserved,inhibitory,560,delta_fluctuation_r2,0.8491584062576294,0.9390698671340942
0.25,1250,44,perturbation,targeted,inhibitory,186,delta_activity_r2,0.9656939365179452,0.9986483873978242
0.25,1250,44,perturbation,targeted,inhibitory,186,delta_fluctuation_r2,0.8653531074523926,0.9501971006393433
0.25,1250,45,perturbation,observed,excitatory,1022,delta_activity_r2,0.6589723592390186,0.9925208405081528
0.25,1250,45,perturbation,observed,excitatory,1022,delta_fluctuation_r2,0.4417969584465027,0.9453029036521912
0.25,1250,45,perturbation,observed,inhibitory,228,delta_activity_r2,0.26690403098151116,0.9866267464141459
0.25,1250,45,perturbation,observed,inhibitory,228,delta_fluctuation_r2,0.08390140533447266,0.9382124543190002
0.25,1250,45,perturbation,unobserved,excitatory,2978,delta_activity_r2,0.46162049134420113,0.9740056774800455
0.25,1250,45,perturbation,unobserved,excitatory,2978,delta_fluctuation_r2,0.3624693751335144,0.9304360747337341
0.25,1250,45,perturbation,unobserved,inhibitory,579,delta_activity_r2,0.25339063583127996,0.9784011347382888
0.25,1250,45,perturbation,unobserved,inhibitory,579,delta_fluctuation_r2,0.13904696702957153,0.9311643838882446
0.25,1250,45,perturbation,targeted,inhibitory,193,delta_activity_r2,0.319204472072823,0.9625844205215135
0.25,1250,45,perturbation,targeted,inhibitory,193,delta_fluctuation_r2,0.04337674379348755,0.9032799601554871
0.25,1250,46,perturbation,observed,excitatory,996,delta_activity_r2,0.9622727063135113,0.9944941430855604
0.25,1250,46,perturbation,observed,excitatory,996,delta_fluctuation_r2,0.8651667237281799,0.9303218126296997
0.25,1250,46,perturbation,observed,inhibitory,254,delta_activity_r2,0.9831212242875157,0.9945205213217228
0.25,1250,46,perturbation,observed,inhibitory,254,delta_fluctuation_r2,0.8910630941390991,0.9437874555587769
0.25,1250,46,perturbation,unobserved,excitatory,3004,delta_activity_r2,0.9692209830035251,0.9946117245661061
0.25,1250,46,perturbation,unobserved,excitatory,3004,delta_fluctuation_r2,0.8536592721939087,0.9250729084014893
0.25,1250,46,perturbation,unobserved,inhibitory,560,delta_activity_r2,0.9796832797187205,0.9954304501952681
0.25,1250,46,perturbation,unobserved,inhibitory,560,delta_fluctuation_r2,0.8862110376358032,0.9414517879486084
0.25,1250,46,perturbation,targeted,inhibitory,186,delta_activity_r2,0.9698381757425173,0.998272439223637
0.25,1250,46,perturbation,targeted,inhibitory,186,delta_fluctuation_r2,0.9033448100090027,0.9593923091888428
